tweet_id_str,date_time,location,tweet_text
1542639871981920256,2022-06-30 22:43:01+00:00,"Pennsylvania, USA","Interview with renowned Oxford epidemiologist Dr. Sunetra Gupta: pandemic viruses, population immunity &amp; the ‚Äúimmunological landscape, "" how SARS-CoV-2 is not all that unusual &amp; the perverse outcome of  intervention, more. 
 https://t.co/mv1OCoYbag"
1542621979496402952,2022-06-30 21:31:55+00:00,"New York, USA","RNA vaccine covid19 vaccine

 especially dangerous because the vaccine is directed at a old covid 19 spike protein that is no longer https://t.co/V7UgEVFLSp became extinct when the original covid 19 became extinct due herd immunity.This vaccine does not give protection . https://t.co/HTzeN9C8T4"
1542613809285795840,2022-06-30 20:59:27+00:00,"Wirral, UK","With freedom day fast approaching, the Government is going for herd immunity üò∑
#COVID19 #humour #KindleUnlimited 
https://t.co/gzo6JRLdYx https://t.co/CZ84abPob2"
1542601823202119681,2022-06-30 20:11:49+00:00,"BC, Canada(formerly, Calif)",Opinion | How one doctor wrecked the pandemic response   https://t.co/ChxrysTHFz
1542600827730157568,2022-06-30 20:07:52+00:00,,"Marching between Skippy and James Topp is Dr Paul Alexander, the Trump/Caputo science adviser who called for millions of Americans to be infected with Covid-19 to achieve herd immunity &amp; save the economy. 
Alexander dominated Topp's presser with 24 CPC MPs in Ottawa a week ago. https://t.co/vqt9TnVJqn"
1542577731841544192,2022-06-30 18:36:05+00:00,"Tampa, FL",How one doctor wrecked the pandemic response   https://t.co/fSPjXCHjAh
1542564384974770178,2022-06-30 17:43:03+00:00,"Ottawa, Ontario",The man following Poilievre is Donald Trump's health advisor who wanted infants infected with COVID.  https://t.co/NKYeNkEfUB https://t.co/og3QyyGloL
1542549028956786689,2022-06-30 16:42:02+00:00,üåé,"How did the ""herd immunity"" approach get embraced by Trump?

The House select subcommittee on the pandemic points to Dr. Scott Atlas: https://t.co/aNEtGX5wp5"
1542525737743400960,2022-06-30 15:09:29+00:00,"New York, NY","The @washingtonpost Editl Bd
""Mr. #Trump embraced a wrongheaded policy that appealed to his hope the virus would go away...How wrong was Dr. Atlas? He said that the virus might cause abt 10,000 deaths. In the end, it directly caused at least 1 million...""
https://t.co/1YoKhWb9zZ"
1542525573875961856,2022-06-30 15:08:50+00:00,"Wenen, Oostenrijk","'Sage never discussed the now notorious ‚Äúherd immunity‚Äù plan ‚Äì that apparently started in the government‚Äôs behavioural insights unit, hardly epidemiologists. A week‚Äôs delay in the initial lockdown cost 20,000 lives.'
https://t.co/wBYXhKNPtY"
1542525360461565952,2022-06-30 15:07:59+00:00,,"Dear Lord I trust Xi over Biden

Bloomberg: Xi Warns Against 'Herd Immunity,' Vows to Stick With Covid Zero.
https://t.co/FgB84T0GvY

via @GoogleNews"
1542522579625250822,2022-06-30 14:56:56+00:00,,"President #XiJinping  has reiterated that the dynamic zero-#COVID policy has proved to be ""correct"" and ""effective"" in the nation's response to COVID-19 outbreaks, saying that the ""herd immunity"" approach would cause unimaginable consequences in such a populous country as China. https://t.co/pffiRFNGXi"
1542519892766642177,2022-06-30 14:46:15+00:00,Indiana,"I recently talked with @SunetraGupta  about the ‚Äúimmunological landscape‚Äù of population immunity, how SARS-CoV-2 is not all that unusual, the perverse outcome of intervention, and how she doesn‚Äôt lose sleep worrying about an apocalyptic pandemic.
https://t.co/rRVMpDT7Sf"
1542518400198385667,2022-06-30 14:40:19+00:00,Whadjuk Noongar Boodja,"TFW the expression ""Perth degrees of separation"" now means you got Covid 19

Still cannot believe how we came from lowest in the world to herd immunity. She'll be right.üëÄ"
1542507794548502531,2022-06-30 13:58:11+00:00,Same Keenan Powell on Facebook,Opinion | How one doctor wrecked the pandemic response   https://t.co/VEX1zJGPSy
1542492967117651971,2022-06-30 12:59:16+00:00,Western NC,"Hey, y'all.
If you're one of the people that keeps asking ""Is there anyone that hasn't had Covid-19, yet?"" Please stop.
You're not holding a survey.
You're asking for anecdotes, at best.
We're not going to reach ""herd immunity"" with Covid.

Just mask, vax, distance, wash y'hands."
1542470948770775042,2022-06-30 11:31:46+00:00,,"... because Western Govt.'s pandemic exit strategy and tactics are to reach the goal of viral attenuation via in vivo serial passaging in the cell tissue of unvaccinated school children, and herd immunity antibodies and T-Cell memory via mass infection.

BTW, it failed in the UK. https://t.co/2E13yrIcUq"
1542468737751818241,2022-06-30 11:22:59+00:00,"Jinan, Shandong, China","President Xi Jinping has reiterated that the dynamic zero-COVID policy has proved to be ""correct ""and ""effective"" in the nation's response to COVID-19 outbreaks, saying that the ""herd immunity ""approach would cause unimaginable consequences in such a populous country as China. https://t.co/DBLIwSDZeH"
1542468576547848192,2022-06-30 11:22:20+00:00,,"President Xi Jinping has reiterated that the dynamic zero-COVID policy has proved to be ""correct ""and ""effective"" in the nation's response to COVID-19 outbreaks, saying that the ""herd immunity ""approach would cause unimaginable consequences in such a populous country as China. https://t.co/rqrTNnWtbd"
1542465738061012992,2022-06-30 11:11:04+00:00,"Cambridge, MA",How one doctor wrecked the pandemic response   https://t.co/iNxBucjqbo
1542445809614086149,2022-06-30 09:51:52+00:00,Birmingham,Over 50000 now #COVID #Birmingham not herd immunity here. Summer wave and still mutating. #mask #ventilate take care ‚Å¶@asthmalunguk‚Å© https://t.co/WewGFkhH8k
1542435772669779969,2022-06-30 09:11:59+00:00,,"President #XiJinping has reiterated that the dynamic zero-COVID policy has proved to be ""correct ""and ""effective"" in China's response to #COVID19 outbreaks, saying that the ""herd immunity ""approach would cause unimaginable consequences. https://t.co/6JG87ApscZ"
1542429779923959808,2022-06-30 08:48:11+00:00,Hong Kong,"Interesting to see this comment from government health adviser Prof. Ivan Hung just as Xi Jinping arrives in town, who just a day earlier warned against herd immunity &amp; said zero covid is still the most ""economic &amp; effective"" policy for China https://t.co/o024gifKPX"
1542428402606563329,2022-06-30 08:42:42+00:00,,"sadly likely possibility of a new variant of concern that is more deadly (which is a risk to ignore), two things seem rather evident. 1. Long Covid, with each wave of new infection, will represent a huge burden on our economy. Evidence for herd immunity by infection was always 4"
1542411605031489539,2022-06-30 07:35:57+00:00,South Africa,"Covid-19 vaccination levels are dropping fast, putting South Africa's herd immunity target well out of reach.
People are reading the end of pandemic restrictions as a signal that vaccination is no longer required, say government monitors. https://t.co/hOPZ4sxPpx"
1542410387919982597,2022-06-30 07:31:07+00:00,"Montpellier, France","""This is not herd immunity, it‚Äôs the herd getting more and more vulnerable.
...we‚Äôre watching water flow uphill. and when you see this, you need to start looking for an external driver.""
https://t.co/UPOzosxBTT https://t.co/kOOOwiqXyz"
1542408389556178944,2022-06-30 07:23:11+00:00,,"Emphasis on the word pointless. ‚ÄúHerd‚Äù immunity from #COVID is a pipe dream. It‚Äôs not chicken pox. Get it once, get it again. #MaskUp üò∑ #GetVaccinated https://t.co/zBb8lqHB8m"
1542408341317877760,2022-06-30 07:22:59+00:00,"nipaluna/Hobart, Australia","It‚Äôs a cynical,
pro-business, unscientific herd immunity approach, costing us dearly.

92 Tasmanians lost to Covid &amp; counting, with cases rising &amp; more dangerous BA. 4 &amp; 5 becoming dominant. 

We‚Äôve got one of the world‚Äôs highest transmission rates. 

Masks save lives.
#politas https://t.co/YzqMIQGYEo"
1542402776986054656,2022-06-30 07:00:53+00:00,"Boston, MA","China will stick to its 'zero Covid' strategy even if it hurts the country's economy, Xi Jinping... ""Our country has a large population. Such strategies as 'herd immunity' and 'lying flat' would lead to consequences that are unimaginable,"" Xi said. 35m ago https://t.co/QoaKCsYpZ1"
1542375733929971712,2022-06-30 05:13:25+00:00,"Kennewick, WA","How wrong was #DrAtlas? In that March email, he said that judging by early estimates, the virus might cause about 10,000 deaths. In the end, it directly caused at least 1 million deaths in the United States and indirectly many more. https://t.co/bdFdR9iOao"
1542373678029094913,2022-06-30 05:05:15+00:00,,"Everyone should watch this video from February 2020 THE most critical period of the Covid-19 response

THE HERD IMMUNITY PROJECT https://t.co/cLAvWXT7DJ"
1542333615811579906,2022-06-30 02:26:03+00:00,"Tucson, Arizona",How one doctor wrecked the pandemic response   https://t.co/t5YHfTzMpK
1542329014739673089,2022-06-30 02:07:46+00:00,,"No covid for me
I don't mask
Haven't been vaccinated
Young good immune system
Probably built up some kind of antibodies
Herd immunity works
#masksdont
#thatsprovenscience"
1542326302493085696,2022-06-30 01:57:00+00:00,,"President #XiJinping has reiterated that the dynamic zero-COVID policy has proved to be ""correct ""and ""effective"" in China's response to #COVID19 outbreaks, saying that the ""herd immunity ""approach would cause unimaginable consequences. https://t.co/H7LjzB5JK4"
1542320047632302085,2022-06-30 01:32:08+00:00,,"President #XiJinping  has reiterated that the dynamic zero-COVID policy has proved to be ""correct ""and ""effective"" in the nation's response to #COVID19  outbreaks, saying that the ""herd immunity ""approach would cause unimaginable consequences in such a populous country as China. https://t.co/ApemCGY3dB"
1542311143917686784,2022-06-30 00:56:46+00:00,,"It‚Äôs actually wearing one, especially knowing that the science doesn‚Äôt support wearing a mask prevents exposure to Covid, only the slow of spread. So I‚Äôd much rather build a herd immunity as quickly as possible. Even as an immunocompromised individual https://t.co/8TjQfBuNVe"
1542293398282854407,2022-06-29 23:46:15+00:00,"Vancouver, BC","‚ÄúThis is not herd immunity, it‚Äôs the herd getting more and more vulnerable. Omicron is spreading like wildfire because it‚Äôs optimized to infect the vaccinated. Their antigenic fixation has frozen their immune response‚Ä¶boosters aren‚Äôt going to help.‚Äù
 https://t.co/p4ndLOfWLe"
1542290472562855937,2022-06-29 23:34:37+00:00,Milliways,"Thank you for your advocacy @GaryPayinda. As you said, we need more rational and knowledgeable voices in the media ‚Äúdebunking common myths about COVID‚Äîincluding false claims that the disease will become milder over time, and [‚Ä¶] the population will achieve ‚Äúherd immunity.‚Äù https://t.co/djtBl3LXfe"
1542286667050266624,2022-06-29 23:19:30+00:00,,"Eugenics programme known as ""living with covid"" or ""reaching herd immunity"" is going well. https://t.co/yUhLARbU6D"
1542283889179238400,2022-06-29 23:08:28+00:00,,"Xi Warns Against ‚ÄòHerd Immunity,‚Äô Vows to Stick With Covid Zero
https://t.co/bypy1OyagO"
1542283443349889024,2022-06-29 23:06:41+00:00,,Opinion | How Scott Atlas's 'herd immunity' approach wrecked covid response - The Washington Post https://t.co/j0uBeDtJ3m
1542278147403661313,2022-06-29 22:45:39+00:00,South Wales,Why don‚Äôt people understand that Covid is horrible - you don‚Äôt develop immunity to it - there is no herd immunity and the more it‚Äôs allowed to spread the more it will mutate and ‚Äòdodge‚Äô the vaccines. Frustrated trying to run a business. #WearAMask #COVIDisAirborne https://t.co/4iovKPL9po
1542276606022090758,2022-06-29 22:39:31+00:00,USA,"Xi Warns Against ‚ÄòHerd Immunity,‚Äô Vows to Stick With Covid Zero
https://t.co/oDVCF49W9e"
1542276300290899970,2022-06-29 22:38:18+00:00,Florida,"Opinion | How Scott Atlas's 'herd immunity' approach wrecked covid response - The Washington Post

https://t.co/AzF9e8vofp"
1542270503263805440,2022-06-29 22:15:16+00:00,¬Ø\_(„ÉÑ)_/¬Ø,"Sadly QLD's CHO didn't get the memo that COVID is disproving the notion of ""herd immunity"" with each variant.

Perhaps as far as COVID is concerned ""Herd Inmunity"" as a public health measure should be shelved as a viable approach.

https://t.co/F2fMliUJc2 https://t.co/8onIwfZzMk"
1542263581722529795,2022-06-29 21:47:46+00:00,UK,"Covid cases in UK could hit 300,000 a day by next week, scientists warn.

About time we had some herd immunity.
Pfizer develop a jab for the terrifying Omicron variant (üòÇ) and then this news.
It's almost like a marketing campaign. ü§î

https://t.co/ahxB7XRudE

Sent via @updayUK"
1542258899314688002,2022-06-29 21:29:10+00:00,"Washington, DC","Bloomberg: Xi Warns Against 'Herd Immunity,' Vows to Stick With Covid Zero.
https://t.co/aCA3uEOHoQ"
1542258370689863680,2022-06-29 21:27:04+00:00,üåé,"From the Editorial Board:
How one doctor wrecked the pandemic response https://t.co/OHwVa58obL"
1542251252934909953,2022-06-29 20:58:46+00:00,,Opinion | How one doctor wrecked the pandemic response   https://t.co/9gV67ZzAV2
1542246720196730880,2022-06-29 20:40:46+00:00,N.Y.,"Select Subcommittee releases trump‚Äôs regime herd immunity report 
There must be accountability for this deliberate act of  negligence too
many deaths even as i tweet. https://t.co/68Os9nBASK"
1542236680492564480,2022-06-29 20:00:52+00:00,"Nairobi, Kenya","COVID-19: The enemy within

Achieving herd immunity now is no guarantee about what will happen in a year‚Äôs time because that immunity reduces over time - Dr. Loice Ombajo, Infectious Disease Specialist UoN #JKLive https://t.co/Gi5QtFXpTh"
1542231377365504000,2022-06-29 19:39:48+00:00,USA,"""this is not herd immunity, it‚Äôs the herd getting more and more vulnerable. and that does not happen like this in the wild. not at this magnitude. we‚Äôre watching water flow uphill. and when you see this, you need to start looking for an external driver."" https://t.co/WET9e7HkLm"
1542223387098902528,2022-06-29 19:08:03+00:00,new york city,Via @PostOpinions: How one doctor wrecked the pandemic response https://t.co/hX9BA6AfMf |
1542207281974091776,2022-06-29 18:04:03+00:00,,"Xi takes on straw men in arguing for maintaining his Zero Covid policy: ‚ÄúOur country has a large population, such strategies as ‚Äòherd immunity‚Äô and ‚Äòlying flat‚Äô would lead to consequences that are unimaginable.‚Äù @ACGeoEcon @ACGlobalChina https://t.co/ayyW95tjKg via @bpolitics"
1542203499940806656,2022-06-29 17:49:01+00:00,overal en nergens,"""This is not herd immunity, it‚Äôs the herd getting more and more vulnerable.""

This brilliant article is everything you need to read today (but don't do so if you are case-sensitive!). 1/2

https://t.co/0bxtRFRo23"
1542197883985960963,2022-06-29 17:26:42+00:00,"Manchester, England",1 in 63 people in the North West has been hospitalised due to COVID throughout the pandemic. Yet hospitalisations are still surging. Herd immunity was the biggest failed experiment. https://t.co/zWNR3lrdeT
1542191171174268928,2022-06-29 17:00:02+00:00,"Atlanta, GA","Hope of Herd Immunity Dwindles Alongside Federal COVID-19 Budget and Supplies; $ADTX and AditxtScore(TM) Could Create Map to COVID-19 Immune Responses
https://t.co/w6a2IjYKQb 
#medical https://t.co/GcSh1VODV5"
1542175720197218304,2022-06-29 15:58:38+00:00,,"There‚Äôs less deaths from the new Covid variant.

Herd immunity is finally doing its thing."
1542175355892469760,2022-06-29 15:57:11+00:00,"Here, duh","""This is not herd immunity, it‚Äôs the herd getting more and more vulnerable."" https://t.co/MVfgPqwgVl"
1542175029500182528,2022-06-29 15:55:53+00:00,"Stockport, Uk","Covid cases are surging towards 300,000 a day prompting warnings the autumn wave will be worse than expected https://t.co/shSnjUVFhJ

So Boris how has your plan for 'herd immunity' worked for the UK so far? ü§î"
1542174067847036929,2022-06-29 15:52:04+00:00,,REPORT: Fauci Admits He Lied Because ‚ÄòCountry Wasn‚Äôt Ready‚Äô To Hear The Truth https://t.co/7t6cLJ41gG via @dailycaller
1542173894404194306,2022-06-29 15:51:23+00:00,,"Second to Brazil, the U.S. has the highest covid deaths per capita in the world. Remember when Bolsonaro was accused of mass homicide for promoting ‚Äúherd immunity?‚Äù https://t.co/mdvrF4H8Xd"
1542173134287167490,2022-06-29 15:48:22+00:00,Hong Kong,"Xi warns against 'herd immunity', vows to stick with Covid zero policy https://t.co/qmfu8WrQqi"
1542166836648853505,2022-06-29 15:23:20+00:00,,AI &amp; CYBER https://t.co/OgeXk28Jca via @YouTube we shared them trying to use the fact that people believed in herd immunity to lie in order to still keep open schools for the purpose to spread covid and track it into and out of family home structures on open zoom. now zoom censor
1542165592974626816,2022-06-29 15:18:24+00:00,australja,"The only reason why the pandemic is still here is because a stubborn minority is continuing to wear masks and preventing us from reaching herd immunity 

üòÇ https://t.co/7qK59S5ZFH"
1542162432222789635,2022-06-29 15:05:50+00:00,A top secret base in the UK ,"Disgraceful. How to control a pandemic, Ignore it and hope for herd immunity and some of your loved ones will die. @Conservatives @10DowningStreet https://t.co/mAOjceRwV4"
1542158546351149056,2022-06-29 14:50:24+00:00,"San Diego, CA","The cat opines here ‚Äú‚Ä¶ this is not herd immunity, it‚Äôs the herd getting more and more vulnerable‚Ä¶

‚Ä¶and that does not happen like this in the wild‚Ä¶ not at this magnitude.‚Äù https://t.co/8AANv0qFB5"
1542154747070894081,2022-06-29 14:35:18+00:00,"New York, NY","President Xi: the consequences of focusing on achieving ""herd immunity"" in China would be unthinkable; China's zero-Covid measures are the most economical and effective. https://t.co/9WlG2KwOoe"
1542151174316597253,2022-06-29 14:21:06+00:00,A top secret base in the UK ,Sorry to hear that and yes clinically vulnerable people are being let down by the government's herd immunity covid plan. Myself included (I have asthma). https://t.co/IruK4VVMwo
1542149331662282754,2022-06-29 14:13:47+00:00,"Lagos, Nigeria","Xi Warns Against ‚ÄòHerd Immunity,‚Äô Vows to Stick With Covid¬†Zero https://t.co/YNAfcDX2j9"
1542145393382785025,2022-06-29 13:58:08+00:00,"Devon, UK & California, USA","Just like ‚ÄòHerd Immunity‚Äô Covid and look where that got us!
#ToriesDevoidOfShame https://t.co/anp95qZNFy https://t.co/mqZrhmaYfj"
1542142090573914114,2022-06-29 13:45:00+00:00,Dubai,"President Xi Jinping declares #COVID-Zero the most ‚Äúeconomic and effective policy for #China,‚Äù during a symbolic visit to Wuhan in which he cast the strategy as proof of the superiority of the country‚Äôs political system.

https://t.co/zuXDqkJiou"
1542133366711283712,2022-06-29 13:10:20+00:00,,"Xi says Covid-zero policy most economic, effective for China, warns against herd immunity https://t.co/3h40r0pnKE"
1542130390160343043,2022-06-29 12:58:31+00:00,UK,"Do you believe in Sir Patrick Vallance's ""herd immunity"" for SARS-CoV-2? https://t.co/iYfyMYvNEq"
1542124983844974593,2022-06-29 12:37:02+00:00,"Washington, DC","Most of the world is letting covid rip, meaning most measures to stop the spread have ended. I‚Äôm supportive of this ‚Äúherd immunity‚Äù approach with vaccines available, but Governments should be giving new guidance explaining Covid is an #Endemic. https://t.co/sdJQQY9r7V"
1542103025266966528,2022-06-29 11:09:46+00:00,Southwest Missouri,"Xi Warns Against 'Herd Immunity,' Vows to Stick With Covid Zero https://t.co/OZx8yx6QlI"
1542096311708954624,2022-06-29 10:43:06+00:00,"Gastonia, NC","Xi Warns Against ‚ÄòHerd Immunity,‚Äô Vows to Stick With Covid Zero. via ‚Å¶@business‚Å©  https://t.co/U7FapDF5kZ"
1542092625284571136,2022-06-29 10:28:27+00:00,,"Chinas Xi warns of herd immunity, says COVID-Zero policy works¬†best https://t.co/GqWHyBuEe8"
1542088338089426949,2022-06-29 10:11:25+00:00,,"Xi Warns Against ‚ÄòHerd Immunity,‚Äô Vows to Stick With Covid¬†Zero https://t.co/vqMwqlbL9l"
1542087951340945408,2022-06-29 10:09:52+00:00,UAE,"China‚Äôs Xi warns against ‚Äòherd immunity,‚Äô says COVID-Zero policy works¬†best https://t.co/I1BLCLM468"
1542087872265715712,2022-06-29 10:09:34+00:00,"Kirriemuir, Scotland",Covid-stricken Jeremy Vine leads calls for RETURN to shielding.They  are not telling you because they want herd immunity that is why they are not reporting it https://t.co/XSAYFihKG5 via @MailOnline
1542087774479781894,2022-06-29 10:09:10+00:00,Bizarro world,"""Immune system expert"" Prof. Cyrille Cohen wants to ‚Äúactively encourage herd immunity among the vulnerable and older population‚Äù by injecting the last few people in the country who still have true immunity with a non-sterilising ""vaccine"". ü§¶üèª‚Äç‚ôÇÔ∏è
https://t.co/nFpqxOR3PG"
1542073761695862784,2022-06-29 09:13:29+00:00,,"Xi said China's #COVID response measures have protected people's lives and health to the greatest extent. 

""If China had adopted the 'herd immunity' policy or a hands-off approach, given its large population, the country would have faced catastrophic consequences."" 
#XiJinping https://t.co/tRxmiTAGrt"
1542072387679580160,2022-06-29 09:08:02+00:00,Canada,"Xi Warns Against 'Herd Immunity,' Vows to Stick With Covid Zero https://t.co/WQE4Mwf7P9"
1542062542872141826,2022-06-29 08:28:55+00:00,"Beijing, China","During his visit to Wuhan, President Xi said that given China's large population, if it pursues ""herd immunity"" and adopts ""lying down"" approach, the consequences would be unimaginable &amp; dynamic zero-COVID is the most economical and effective choice for the country. https://t.co/R35bYu5MrC"
1542050733209653255,2022-06-29 07:41:59+00:00,United Kingdom,"On the discredited herd immunity strategy 

This is interesting hatchet job on early US strategy. Have no time for Trump but this is such a partisan attack. You need to click through to get full thing. The text is  only some 20 pages long. 

https://t.co/KQyf4JNXci"
1542041045533196290,2022-06-29 07:03:29+00:00,WA ,"ItSpeaks4Itself!

You don‚Äôt get itüôÑüßê

FAUCI‚ÄôS ARMY PREACHED ‚ÄúHerd Immunity‚Äù &amp; instead LOCKED DOWN THE WORLD!

GOD GAVE YOU IMMUNITY!

MILLIONS OF MANKIND WHO TAKE CARE OF THEIR BODY‚ÄôS &amp; IMMUNE SYSTEM!

WEATHERED
‚ÄúThe Covid-19 flu‚Äù

WITHOUT WEIRD SCIENCE 
https://t.co/yxLfOiOwIX https://t.co/ziRY1cQ2R3"
1542040163009695745,2022-06-29 06:59:59+00:00,Beijing,"Xi visits #Wuhan, emphasizing that China has to stick with the dynamic zero Covid tolerance policy, saying that given the large population, China can‚Äôt take the herd immunity policy or ‚Äúlying flat‚Äù in dealing with the virus, those stances will lead to disastrous outcome. https://t.co/AYZlpFulTy"
1542038977825341440,2022-06-29 06:55:16+00:00,Barneveld,"Dr. Jay Bhattacharya on Vaccine Mandates, Herd Immunity, and Why Zero COVID-19 Is Impossible

https://t.co/Y4SWydzaFX"
1542036138726084608,2022-06-29 06:43:59+00:00,,"President Xi: If China chooses the path of herd immunity or lying flat and doing nothing, there would be unthinkable consequences. The dynamic zero-covid policy fits China‚Äôs special condition. (We) should remain committed to this policy even at the expense of the economic growth. https://t.co/whthTmeN9y"
1542035054498414592,2022-06-29 06:39:41+00:00,Shanghai HongKong,"Covid zero policy is the most economic and effective way for #China. If we choose herd immunity and ""Lying flat"", based on China's mass population, the consequences would be too ghastly to contemplate, Xi Jinping stressed during his visit to Wuhan, Hubei.-Xinhua"
1542030563431055360,2022-06-29 06:21:50+00:00,,And we need to stop considering the pandemic over just because we have vaccines  that almost do fuck all to reduce transmission of emerging variants or provide any semblance of herd immunity. https://t.co/Nbi0SP8jsk
1542025895736664064,2022-06-29 06:03:17+00:00,,"Well they are certainly not working for me!
#50sWomen no pension, no letter, no notice. 
We believed the austerity ploy. We all did our bit.
Then it was covid and we saw what they thought of us, #BrexitLies cash for honours, No PPE, then #Torycronyism, herd immunity, #partygate https://t.co/1GoDBO3l5T"
1542021931024752641,2022-06-29 05:47:32+00:00,Sverige,"Celebrating two years of Swedish herd immunity and  'late pandemic phase'
https://t.co/BCaPqX6OHG"
1541940922379894784,2022-06-29 00:25:38+00:00,,The vaccines cannot catch up with the rapidly mutating coronavirus. But the good news is that we don't have to worry about covid anymore because covid has become a very mild and attenuated illness. And we all probably have natural/herd immunity against it anyways. https://t.co/VExNQPFFnv
1541925263855915008,2022-06-28 23:23:25+00:00,Deep inside the forest....,"Sharing some big laughs &amp; bonding about deliberately infecting your own citizens with #COVID19 allegedly for herd/hybrid immunity. All you‚Äôre really doing is causing endless mass harm, disability, suffering &amp; deaths. https://t.co/XsuHOp8ERe"
1541922258691710977,2022-06-28 23:11:28+00:00,,"Covid warning as more times people get reinfected ‚Äòmore likely it is they get unlucky‚Äô and develop long Covid | The Independent.   Really?  You don't say... You ""thought"" wrong didn't you. You believed in ""Herd Immunity"". Did Fauci say 70%  https://t.co/QoWLt3dq13"
1541898030965837824,2022-06-28 21:35:12+00:00,,https://t.co/XIDmsH1GW9 who would have thought it herd immunity ü§î
1541868971456139266,2022-06-28 19:39:43+00:00,,"We follow the UK Covid strategy (do nothing) to the letter, so have a look how that‚Äôs going. In the UK the spin has rubbed off, people are seeing the herd immunity debacle for what it is - the politics of privilege pretending to do public health. #auspol  https://t.co/9kM0yWHjtZ"
1541854236824113152,2022-06-28 18:41:10+00:00,Vancouver,"Here is the Atlas Report: Trump's plan for dealing with Covid. The fact that so many more would die from Covid was part of the plan. You still support this @SenatorCollins and @lisamurkowski?
https://t.co/ZoV5u2PzSX"
1541852413577019393,2022-06-28 18:33:56+00:00,NYC - Boston - Chicago - SF,"A new congressional report unpacks how a Trump-picked coronavirus advisor turned CDC testing guidance into a mess.
https://t.co/aOKmUPO8CH"
1541849415333433344,2022-06-28 18:22:01+00:00,"Ontario, Canada","Pride month 2022

The leaders and public health officials are blaming homosexual intercourse between two men for fueling the growing monkey pox pandemic...

Instead of the herd immunity test they were warned would destroy people's immune systems.. And organs..

We are savages.."
1541826523820335104,2022-06-28 16:51:03+00:00,,"This is going to be so interesting. Inquiry into government response to pandemic. Parties, PPE contracts, herd immunity, care homes &amp; more. Should be good. #bbcpm  #r4today https://t.co/HT1IuuQPKZ"
1541820343685451778,2022-06-28 16:26:30+00:00,,"Johnson has been dragged, kicking and screaming to this: We all know why. Herd immunity and politically motivated, death dealing, delays in lockdown. https://t.co/a1q3c2d9Cb https://t.co/IuXjT6LpFg"
1541815647411154950,2022-06-28 16:07:50+00:00,"Austin, Texas & Boston, MA","One of the reasons we might never get to the much discussed ""herd immunity"" with COVID is the role of these Superantigens. We've been thinking that it's ""like the flu"" because it's a coronavirus but COVID might behave more like rabies... https://t.co/KLoJzUDYQV"
1541812313157779456,2022-06-28 15:54:35+00:00,Frostbite Falls,"""‚ÄúThe ‚ÄòAtlas Dogma‚Äô: The Trump Administration‚Äôs Embrace of a Dangerous and Discredited Herd Immunity via Mass Infection Strategy,‚Äù is available in full here and reveals the following key findings:"" - @COVIDOversight #COVIDisAirborne  https://t.co/T7LfCOrLxZ"
1541811671466971142,2022-06-28 15:52:02+00:00,,Does anyone remember Covid? You should ‚Äì it‚Äôs back with a vengeance - The Independent. ‚ÄúJohnson‚Äôs government has caused this. His herd immunity plan has caused a lot of pain and suffering‚Äù..  https://t.co/lvxy2uwwoz
1541811080892223488,2022-06-28 15:49:41+00:00,"North East, England","It's interesting hearing Schwab-shrieking lockdown sceptics complain about trans ideology. Yes, it's dishonest! But the idea that Boris didn't pursue herd immunity, that he always planned to lockdown, is also dishonest. It's a massive lie by lunatic zealots who shriek at planes."
1541795980466692096,2022-06-28 14:49:41+00:00,Texas,So Trump went with herd immunity. Maybe they citizens should have been consulted? Herd immunity didn‚Äôt work do well.     Covid task force members worried about 'misinformation' being shared with Trump https://t.co/hLd1hv3Dwu
1541782453924179968,2022-06-28 13:55:56+00:00,Briland or LA,... #BecauseScience: natural herd immunity was another prank. https://t.co/wPeILk9Fbf
1541782399813656576,2022-06-28 13:55:43+00:00,"Washington, D.C. ","Evidence obtained by @COVIDOversight shows how the Trump Admin:

‚Äî Weakened CDC #COVID19 guidance

‚Äî Embraced herd immunity via mass infection before vaccines

‚Äî Blocked scientists from speaking about the pandemic

‚Äî Neglected pandemic response to focus on the Big Lie"
1541777839124512768,2022-06-28 13:37:36+00:00,Plague Island ,"No10 dismisses damage to children that their unethical herd immunity policy has caused. Why are public not being informed that those covid reinfections are not mild and are causing chronic illness???

@Channel4News 
@guardian 
@jeremycorbyn 
@LaylaMoran 
@EnemyInAState https://t.co/Qk5ktH2Ukw"
1541772389767434244,2022-06-28 13:15:57+00:00,"Nairobi, Kenya",‚ÄúTwo doctors can have a different opinion on the same matter e.g. different countries took different stances on herd immunity verses pro-vaccine to address covid-19. This is because we need to acknowledge that medicine is not an exact science‚Äù. #PandemicResilience #infodemic - https://t.co/r4zYO1ijn4
1541760905805008897,2022-06-28 12:30:19+00:00,"District of Columbia, USA",Does this mean we can't vaccinate our way to herd immunity (&amp; exit a pandemic) after all? https://t.co/XqrJsdemhX
1541757656586752000,2022-06-28 12:17:24+00:00,#plagueisland‚ò£,"Says the man who doesn't squeak about 200,000 people dying from covid &amp; from early on in the pandemic was advising the fascust Tory govt that herd immunity was the only way to deal.
Says the man whose party &amp; employers voted against measures to stop shit being pumped into water. https://t.co/NirNhxrDy5"
1541749165218471936,2022-06-28 11:43:39+00:00,,"#GreatBarringtonDeclaration 'natural herd immunity' or'#DoNothing'
Dr.Ian Wilson,a Molecular &amp; Structural Biologist.
Globally
60% of 7 billion people= 4.2 billion cases of covid.
1% of 4.2b=42million covid deaths or 
0.5% of 4.2 billion covid cases=21million covid deaths
#auspol https://t.co/0fykGQewxq"
1541735190711730177,2022-06-28 10:48:08+00:00,Devon UK,Living with COVID and herd immunity. https://t.co/99cNgHwlpI
1541725372617719809,2022-06-28 10:09:07+00:00,Europe,"#COVID19 ah yes, herd immunity https://t.co/RTjQ81Ge4w"
1541710587951988738,2022-06-28 09:10:22+00:00,"North East, England","Slater says the reason the brave heroes don't talk about herd immunity and Jan 4 is that their employers don't want them to. So, the brave heroes kept their heads down during the lockdown then pretended to be freedom fighters while being paid to cover up the truth. Brave heroes."
1541706931189997568,2022-06-28 08:55:50+00:00,"Hemel Hempstead, England",Sometimes there is no other way of explaining science than to use a simulation. Here I am using counters in make believe cells to show how infection can move through a population like the plague or Covid. The model also shows how herd immunity works. #iteachbiology https://t.co/vSa9xNfQOu
1541704213855617026,2022-06-28 08:45:02+00:00,Africa,#Nigeria is still a long way from achieving herd immunity to #COVID19 - https://t.co/x4Bz3QLjOx https://t.co/VGG8TVSetm
1541699963872317441,2022-06-28 08:28:09+00:00,Plague Island,"The WHO says herd immunity is not possible, @Keir_Starmer yet the UK is infecting our children over and over for an immunity that doesn‚Äôt exist. But we know organ damage and #longcovid do exist. Speak up for covid safe schools. @LibDems @TheGreenParty https://t.co/nrmXFgIIO7"
1541672929670594560,2022-06-28 06:40:43+00:00,"Tatungaloong,  GurnaiKunai","Sensible people have not stopped masks, distancing, socialising outdoors etc. Thing is, there will be no herd immunity as now people are reinfecting- having Covid does not provide immunity. Getting it, esp x &gt;1, indicates serious long term health risks. https://t.co/ezZYcHuVs3"
1541626024139624450,2022-06-28 03:34:20+00:00,NYC,"Reminder that Biden campaigned on full lockdown measures to stop the spread of COVID but once elected he instead dropped almost all prevention measures &amp; went all in on continuing Trump's ""herd immunity"" plan to just let everyone catch it. Mass #LongCovid is gonna be a bitch https://t.co/dRvw0BdaPH"
1541618571566014464,2022-06-28 03:04:44+00:00,,"Back in Spring of 2020 many people said we should just have everyone get Covid and get it over with so we could all get back to normal. For example, Laurence Tribe.
https://t.co/b7RQ96yW6J https://t.co/3m6b9RabMA"
1541609351319781378,2022-06-28 02:28:05+00:00,"Chicago, IL","#Mass-infection based #herd_immunity is a fraud!

#Japan, with the oldest population in the world (29 percent of Japanese being over 65), is an example of this fact.

Sources:

https://t.co/prj389X8lm

https://t.co/93sQ6enxE3 https://t.co/svnxDrMiqW https://t.co/o2WkfxKh1X"
1541606032769687554,2022-06-28 02:14:54+00:00,,"Did you come home from NFT NYC with the gift of COVID?  Well, there is a POAP for that!

If you caught the covid, add and DM me your wallet address and I'll send you a POAP :)

Remember, only a few more NFT conferences and we'll achieve herd immunity!  WAGMI! https://t.co/LqK3hm0WX6"
1541599141188743169,2022-06-28 01:47:31+00:00,Domicron Central ,"Just watched Catherine Bennett on the ABC.
Any amount of COVID backtracking, apparently we should be cautious of the unknown now. Is it really unknown Cat? 
What happened to that herd immunity?
MilD deaths and Long Covid numbers seem to rattling some of the minimisers. Retreat!"
1541590897518944262,2022-06-28 01:14:45+00:00,"St Louis, MO","‚ÄúSTAY HOME EVIL ANTI-VAXXERS BECAUSE HERD IMMUNITY!‚Äù

Also ‚ÄúI have COVID‚Äù

A vaccine love story in 4 parts. https://t.co/mUgsZBaQax"
1541590586653802497,2022-06-28 01:13:31+00:00,"Qu√©bec, Canada","The situation in Sweden, the birthplace of ""herd immunity"", seems catastrophic. The pandemic has somewhat exploded the myth of the ""Scandinavian model"" hailed by the pseudo-left and ""progressives"" of all types. https://t.co/Lf00jEl5Zf"
1541590299889532928,2022-06-28 01:12:23+00:00,"Melbourne, Victoria","The herd immunity theory has been well and truly squashed now. There is no evidence that herd immunity to COVID exists at all. many people have had it two or three times in the past twelve months, and each episode is worse than the last generally. https://t.co/I0hNTtiZh6"
1541582448714305537,2022-06-28 00:41:11+00:00,,Dangerous herd immunity? Wrong. If we would have gone the Herd immunity route and treated sick people with HCQ and ivermectin we would have saved 85% of the people that died from CDC Treatments and now dangerous and deadly COVID Vaxxines.   You are clueless dude. https://t.co/7tGqUJZEMh
1541565583380152321,2022-06-27 23:34:10+00:00,Concrete Jungle,Maybe NFT NY was actually an attempt at herd immunity for covid üòà üëÄ
1541564990187900929,2022-06-27 23:31:49+00:00,Around the 30th.,"https://t.co/Q3op3pZzM9 Covid rips through herd immunity Sweden again, causing havoc as people across all sectors of society fall ill. Maybe we could look at this and not repeat the mistake?"
1541563355911323648,2022-06-27 23:25:19+00:00,Back of the sock drawer.,"You do realise that when it comes to covid, we have been abandoned? There is none of the trumpeted ""herd immunity"". We are the fodder to be fed into the maw of an eternally ravenous economy."
1541558514396667907,2022-06-27 23:06:05+00:00,,"""There were individuals communicating with the White House ‚Ä¶ who believed that if you infected enough people that you would have herd immunity. There was no evidence [of that] ‚Äî in fact, there was evidence to the contrary.""

Read here: https://t.co/P8tCUvicHJ"
1541555657241165825,2022-06-27 22:54:44+00:00,New Zealand,"Herd immunity works for some diseases: measles, polio.
It does not work for Covid.

Coronavirus disease (COVID-19): Herd immunity, lockdowns and COVID-19 - https://t.co/EMWBe96eJ3"
1541545977601032192,2022-06-27 22:16:16+00:00,Classified,"Trump administration and Corona virus and herd immunity strategy.

https://t.co/GL85nlFhC3"
1541544136054116353,2022-06-27 22:08:57+00:00,,"This fits Covid Deniers perfectly. 

Gov'ts and big companies want to ""let it rip"". Even though it's known ""herd immunity"" won't work against this Virus. 

The veil is getting thinner; yet, those ""Covidiots"" can't see it. Worse, they actually impede others from seeing it as well. https://t.co/ehQR8yTWA8"
1541532050754109440,2022-06-27 21:20:55+00:00,"Washington, USA","And the Republicans wanted everyone to get it for ‚Äúherd immunity‚Äù.

COVID-19 increases risk of Alzheimer‚Äôs, Parkinson‚Äôs &amp; stroke, study finds
 https://t.co/P38m4V7FjM"
1541511413818167302,2022-06-27 19:58:55+00:00,,"//Covid boosters will be needed in September as cases continue to rise, a government vaccines expert has warned.// They want herd immunity. HERD IMMUNITY DOES NOT WORK FOR VARIANTS THAT ESCAPE IMMUNITY! To end this pandemic, WE MUST REDUCE CASES as well. Why the false dichotomy?"
1541509483607769089,2022-06-27 19:51:15+00:00,"Schuylkill County, PA","Click on ""staff report"" in the text for actual report.
https://t.co/KxNO9AeRAT"
1541500205488607234,2022-06-27 19:14:23+00:00,,I guess we'll never know if it was natural/herd immunity or the outlawing of t-shirt sales that has seemingly brought us to the tail-end of the pandemic.
1541493130721107971,2022-06-27 18:46:16+00:00,"‚ÄúSouth‚ÄùNew Jersey, USA","My Gay brother who has HIV, been seriously sick for 7 months now, just hired a guy to drive him who is, Bible beating, MAGAT, had Covid twice, noüíâ &amp; believes everyone will be fine due to Herd Immunity &amp; Covid is just a cold now!"
1541488196143529987,2022-06-27 18:26:40+00:00,Cambridge UK,"Yet the UK govt we‚Äôre pushing ‚Äòherd immunity‚Äô at the cost of hundreds of thousands of deaths and millions with long Covid- they‚Äôre not even publishing numbers now and ditched masks. They want to kill us, dumb us down &amp; keep us in line, whilst profiting from us.#fascism #GTTO https://t.co/1Nqt1FW6Zr"
1541473735382691840,2022-06-27 17:29:12+00:00,Silicon Valley,"One million dead, partly thanks to this clown.

How hiring the wrong medical ‚Äúexpert‚Äù derailed US pandemic response | Ars Technica https://t.co/mCPAkOhS3E"
1541458103287382016,2022-06-27 16:27:05+00:00,De Montfort University,"I guess this surge puts the notion of herd immunity to bed. Omicron does not confer much immunity to omicron. Heading back up to 3,000,000 symptomatic cases. Who knows where the peak will be? The NHS will not be ready for this over the summer.  https://t.co/xjoisEFvCO"
1541457998266175490,2022-06-27 16:26:40+00:00,,"Annals of incompetent leadership: about the Trump White House's hiring of ""Scott Atlas, a neuroradiologist with no infectious disease experience"" as an ersatz pandemic guru, with expected results https://t.co/fVcWBBMaSS"
1541440597847932931,2022-06-27 15:17:31+00:00,"Austin, Texas","gm. 

Save money on a Covid vax shot. 

Just come to NFT:NYC to get your herd immunity."
1541440284038397955,2022-06-27 15:16:16+00:00,Namibia,"Even people that never heard of herd immunity before Covid-19, they‚Äôre busy advocating for ‚Äúherd immunity‚Äù within the vaccinated community. 

To then apparently ‚Äúherd immunity‚Äù can‚Äôt happen to unvaccinated people. 

Bottom line, Covid-19 is a scam. https://t.co/cEzxdpirFN"
1541439133494788097,2022-06-27 15:11:42+00:00,,"""herd immunity depends on some hidden assumptions. 1st, that resistant people stay resistant. 2nd, that resistant (or vaccinated) people cannot transmit the virus. Scientists learned over the past 2 years that these assumptions do not hold for COVID-19""
https://t.co/oO0R8vBCuq"
1541438546652893186,2022-06-27 15:09:22+00:00,"North East, England",I‚Äôll probably be delivery driving for the rest of my life because I was the only one honest enough to discuss the union-driven herd immunity capitulation of March 2020 and the NEU mutiny that led to the spin lockdown of Jan 4 2021. I don‚Äôt need any lessons on making sacrifices. https://t.co/cEDJe4wG5C
1541422930466308097,2022-06-27 14:07:19+00:00,midlands,Meanwhile in uk we have herd immunity! Alarm in Beijing after announcement zero-Covid policy may last five years | China | The Guardian https://t.co/UMILw9EGSY
1541408072136118272,2022-06-27 13:08:17+00:00,"Manchester, England","And just like that, current infections have surpassed the first Omicron wave. Herd immunity was supposed to end the pandemic, instead‚Ä¶.. https://t.co/G9k7GOfmhU"
1541383148092669958,2022-06-27 11:29:14+00:00,,"""Herd immunity"" -&gt; 2 people in my family had COVID 3x this calendar year, I've had it twice."
1541353484238426113,2022-06-27 09:31:22+00:00,"London, England","Studies (&amp; real life patients!) show organ damage, brain dysfunction &amp; chronic health issues post #Covid, even in healthy people &amp; children.

Herd immunity looks unlikely, reinfections &amp; hospitalisations rising. More mutations.

So what is the plan, exactly?

#covid19 #LongCovid"
1541343680216326144,2022-06-27 08:52:24+00:00,"New Mexico, USA","I ‚ÄúMAY‚Äù ONE DAY DIE OF COVID ü´§ 
But one thing is for damn sure. 
I won‚Äôt be dying of some random, hideous side effect of the Covid vaccine! 
I just couldn‚Äôt bring myself to be injected w/a foreign substance I couldn‚Äôt  un-take if things went south! 
Herd immunity! No regrets! https://t.co/tNkwIVZ7di"
1541322873763160064,2022-06-27 07:29:44+00:00,UK,"My husband has Covid again. A plague of locusts on the herd immunity ideologues who have agitated for two and a half years to let this thing rip‚Äîand have won, to everyone's cost. There is no immunity to this thing. And its consequences are long term morbidity for millions."
1541295628810174466,2022-06-27 05:41:28+00:00,Nairobi,"Have we achieved herd immunity? 

Covid-19 is like a moving target; even when one is vaccinated, the immunity is not long-lasting: Prof Julius Oyugi #YourWorld https://t.co/fCF5TzmyH5"
1541239296119582720,2022-06-27 01:57:37+00:00,WA ,"ItSpeaks4Itself 

‚ÄúCommon Sense Reigns‚Äù

God‚Äôs Science prevails over soüìû‚Äòd educated man!
üëáidiotsüëáFAILED Mankind on Covid-19 !
Scientists,#Fauci @CDC @FDA @HHSGov @pfizer @moderna_tx @JNJCares  @CDCDirector #Govts
#Physicians

üôÑherd immunity hindered byüîí‚¨áÔ∏ès
goal wasn‚Äôt 2 heal https://t.co/kO0wOjXXq2"
1541234247876620288,2022-06-27 01:37:34+00:00,,"Time for Federal leadership on controls.There is no such thing as herd immunity.Over 5o people died in Australia on Saturday of Covid,50 people.What‚Äôs happened to dialogue about this.Most people unaware of the long Covid or other health impacts of multiple infects @Mark_Butler_MP https://t.co/vKZBqHZkY3"
1541224969128099841,2022-06-27 01:00:41+00:00,UK,"Sir Patrick Vallance, BBC Radio 4, Today Programme, March 13th, 2020, ten days before the first UK lockdown:

""Our aim is to try and reduce the peak, broaden the peak, not suppress it completely ... to build up some kind of herd immunity.""

He's still not been sacked. https://t.co/0IXv7h9Cus"
1541195650414821376,2022-06-26 23:04:11+00:00,"kanamaluka, plague island","üçé#politas

No data has been offered by Mark Veitch to support his claim that herd immunity has the ability to reduce COVID case numbers in the community.

Would you like to see the data?"
1541183365935616000,2022-06-26 22:15:22+00:00,England,"Simple really JAPAN = 9.23 million cases &amp; 31113 Covid Deaths with a Suppression zero covid Strategy /UK 22.7 million covid cases &amp; over 180,000 Covid Deaths with insane Herd immunity Strategy !! both on the same 28 day Stat so if you are proud of that then you have to be INSANE https://t.co/IEsMb0exDg"
1541151694238765056,2022-06-26 20:09:31+00:00,Nutbush City Limits,"Regarding the covid pandemic and the herd immunity way of thinking, I know three, unrelated people who were collateral damage. 
Only, they were valued, loved people."
1541128117032468482,2022-06-26 18:35:50+00:00,NYC,"If you've still any doubt about Democrats &amp; covid‚Ä¶ read this doozy üëá And then start demanding actual #PublicTrials after November. We cannot let these fools get away with what they've done to us.
https://t.co/Ff0CXzRN7c"
1541127630178631680,2022-06-26 18:33:54+00:00,All over the place!,"I'm afraid Sweden has been in denial about COVID since Feb 2020. They were told it was nothing, then 'flu (so far from nothing), then herd immunity would be there by July 2020 if they let it spread, #GBD like. Then hand washing / wringing 24/7. And no masks. It's not airborne! https://t.co/uU9b5EBUSL"
1541124801905016832,2022-06-26 18:22:40+00:00,,"I'm no lawyer 
But I'm told by those who are that charges of Misconduct in Public Office could be brought for
The late Covid response 
The Herd Immunity Project 
The PPE Scandal
Take your pick
I went with #CareHomeScandal on the basis of Public Support 
üëâhttps://t.co/MxICksv3Af https://t.co/xWBMtpSd37"
1541113854444589056,2022-06-26 17:39:10+00:00,,"Would self-spreading vaccines help us reach herd immunity faster? Or would they open Pandora‚Äôs box? 

California Bill Allows Kids COVID Jab w/o Parent Consent &amp; Self-Spreading Vaccines ""Move Forward"" https://t.co/YiHWyWesvO via @doodlebugeye"
1541105762079891456,2022-06-26 17:07:00+00:00,Boise ,"Kushner hired Atlas as pandemic adviser but knew that the hiring would not go over well with the government's public health experts. As a result, Atlas was told to continue working remotely from California

How hiring the wrong medical ‚Äúexpert‚Äù derailed US https://t.co/uFIDblndsA"
1541090015740141568,2022-06-26 16:04:26+00:00,"Professor, Rice U., Houston",How hiring the wrong medical ‚Äúexpert‚Äù derailed US pandemic response https://t.co/cKDwglULOX
1541083894136524800,2022-06-26 15:40:06+00:00,"Wyoming, USA",In places where it appears wrong a gym leader acquired herd immunity from the coronavirus &amp; I fell in love with the malakas
1541061103048085505,2022-06-26 14:09:33+00:00,Sol III,How hiring the wrong medical ‚Äúexpert‚Äù derailed US pandemic response #SmartNews Atlas' hiring by the White House was expected to be so controversial that he was initially instructed to hide his staff ID from the actual government public health experts. https://t.co/WRlA3GBMOk
1541061057678024705,2022-06-26 14:09:22+00:00,Virgo Supercluster,How hiring the wrong medical ‚Äúexpert‚Äù derailed US pandemic response #SmartNews Atlas' hiring by the White House was expected to be so controversial that he was initially instructed to hide his staff ID from the actual government public health experts. https://t.co/rC8SjfqZ3f
1541061016829759489,2022-06-26 14:09:12+00:00,Virgo Supercluster,How hiring the wrong medical ‚Äúexpert‚Äù derailed US pandemic response #SmartNews Atlas' hiring by the White House was expected to be so controversial that he was initially instructed to hide his staff ID from the actual government public health experts. https://t.co/Q2HyZBGGtV
1541060979626221568,2022-06-26 14:09:03+00:00,Virgo Supercluster. ,How hiring the wrong medical ‚Äúexpert‚Äù derailed US pandemic response #SmartNews  Atlas' hiring by the White House was expected to be so controversial that he was initially instructed to hide his staff ID from the actual government public health experts. https://t.co/I5cbD3HBCH
1541057306921938944,2022-06-26 13:54:28+00:00,Australia,"This seems like a problem yet we're just going to remove more masks in places like airports and everywhere else because the pandemic is over apparently.
Doesn't seem like it's over, we're in another wave.
It's almost like we can't get herd immunity with a fast evolving virus. https://t.co/SgM2KJBfJW"
1541041453802983424,2022-06-26 12:51:28+00:00,United States,How hiring the wrong medical ‚Äúexpert‚Äù derailed US pandemic response https://t.co/8yhKqj3Q8k
1541028077630881794,2022-06-26 11:58:19+00:00,"ZAR Zuid Afrika, South Africa","Has any country achieved the so called ""herd"" immunity for covid?"
1541018206999117824,2022-06-26 11:19:05+00:00,Houston Texas,How hiring the wrong medical ‚Äúexpert‚Äù derailed US pandemic response https://t.co/iJtd6jkPoM
1541016996350988292,2022-06-26 11:14:17+00:00,Vancouver/Aguascalientes/Paris,"The fact that there are repeated COVID reinfections, newer/stronger/rougher variants and that not even triple-vaccinated people will experience ""mild"" symptoms seems to me good assurance that the ""herd immunity"" strategy is definitely NOT going to work."
1541002731531411457,2022-06-26 10:17:36+00:00,Sussex UK,"‚Ä¶and a 3rd wave of Covid19 in 2022 with hospitalisation of all ages with covid rising, herd immunity a @BorisJohnson myth &amp; @sajidjavid gone AWOL on this critical issue. https://t.co/Lg6nfojhP2"
1541002458582990848,2022-06-26 10:16:31+00:00,"Chicago, IL",A .gov report! Covid  https://t.co/v5V8Duui0f
1541001495029714944,2022-06-26 10:12:41+00:00,A Mafia state,"If mass infection makes us immune to Covid, people who had Omicron BA1 &amp; BA2 shouldn't be getting ill with Omicron BA4 &amp; BA5, yes? But they are. The only ""herd immunity"" that ever worked was via sterilising vaccines. 

Mask up. Open the windows. Use HEPA filters in your business. https://t.co/EtRfSnSZBk"
1540966737176412160,2022-06-26 07:54:34+00:00,,"https://t.co/XQLRhFaTqq
We were screaming this from the rooftops for two years: Herd immunity was best. Unfortunately it's too late. Unnecessary lockdowns and experimental vaccines have irreversibly damaged natural immune systems. But hey, I'm sure big pharma has the answerüòèüí∞"
1540950507144957952,2022-06-26 06:50:05+00:00,,Herd immunity for Covid will NEVER HAPPEN because of the mass vaccination program. Well done sheep. üëèüëèüëèüëè
1540935161952493570,2022-06-26 05:49:06+00:00,New York City,"COVID-19 will continue in pandemic form until the world reaches herd immunity. With that, most scientists say, the SARS-CoV-2 virus will become endemic‚Äîalways present but transmitted among people at modest, predictable rates.  https://t.co/7fARZTrclw"
1540902716209111041,2022-06-26 03:40:10+00:00,"British Columbia, Canada","So, @bcndp, @WorkSafeBC data shows a massive ‚¨ÜÔ∏è in COVID work-related disability claims starting in Jan ‚Äò22. (Omicron not ‚Äúmild‚Äù!)

And job vacancies are higher than ever, w/ employers struggling to fill positions. Reinfections = herd immunity fail.

Watch‚¨áÔ∏èvideo &amp; change course! https://t.co/W5qCUZJYhz"
1540880091957276673,2022-06-26 02:10:16+00:00,"Trail, BC, Canada",How hiring the wrong medical ‚Äúexpert‚Äù derailed US pandemic response https://t.co/9x7oS2XgAx #science #feedly
1540876536907038720,2022-06-26 01:56:09+00:00,Australia,"You know, he‚Äôs right. Vax does not prevent infection or transmission and does not confer herd immunity or reinfection and the consequences are much more serious on reinfection, and the mutations aren‚Äôt  ‚Äúmilder‚Äù and young people get sicker.Illness badly affects the economy #COVID https://t.co/5WLw9POvUj"
1540845798770053120,2022-06-25 23:54:00+00:00,"New York, NY","Evidence has emerged that the Trump administration embraced a ""dangerous and discredited herd immunity via mass infection strategy"" prior to the availability of COVID-19 vaccines and treatments.

By @Jen_Henderson1.
#IDtwitter #medtwitter 
https://t.co/NlfQsV42bQ"
1540813345300807680,2022-06-25 21:45:03+00:00,,How hiring the wrong medical ‚Äúexpert‚Äù derailed US pandemic response #SmartNews  https://t.co/p1blNTzeKq
1540811943950286850,2022-06-25 21:39:28+00:00,"Northern Ireland, UK","Did you know the COVID-19 vaccination programme has failed to attain its stated goal, herd immunity? Universal deployment of prophylaxis ""vaccines"" during a pandemic contradicts our understanding of epidemiology. An ill-advised experiment.

Full video at https://t.co/VW5vBHkewM. https://t.co/oJhBpDaWzV"
1540794375642439681,2022-06-25 20:29:40+00:00,"Ottawa, ON Canada","Would people even stand up for the disabled if we were targeted? Many of you didn't believe in helping protect us from Covid-19 via herd immunity, most of us financially struggle to get by, often at the expense of our health.

Would you really be there for us if it came to it?"
1540793445329018880,2022-06-25 20:25:58+00:00,,"It will be interesting to see what effect #Glastonbury has on #covid. Perhaps the vaccines will have gotten us to herd immunity, perhaps not"
1540757939262296065,2022-06-25 18:04:53+00:00,,Fauci says 85% of U.S. population will need to be vaccinated against COVID-19 for 'herd immunity'¬† https://t.co/TiCWGqV7Wu
1540754435323723776,2022-06-25 17:50:57+00:00,United Kingdom,One of the few people I know who hadn‚Äôt had Covid has now tested positive so I can add them to the herd generously trying to afford me immunity‚Ä¶
1540716173662294016,2022-06-25 15:18:55+00:00,,"ü§°ü§°ü§° Somebody loves MISC &amp; Covid liver failure in unvaxxed kids ‚¨áÔ∏è‚¨áÔ∏è‚¨áÔ∏è
There are a whole bunch EU antivaxxers, especially Danish + US adherents who masquerade as totally rational ""experts"" &amp; who pretend ""herd immunity"" with SARS2 is possible, @AmerMedicalAssn . Rein in the MDs. https://t.co/Gd26ulmyBe"
1540707176695533571,2022-06-25 14:43:10+00:00,Canada,Trump's COVID Task Force Leader Pushed Back on 'Herd Immunity' Approach | MedPage Today https://t.co/rZqlXw7166
1540692178334121987,2022-06-25 13:43:34+00:00,,"The CDC Just Pushed Fake News on Covid Child Mortality https://t.co/ZOSNjH6cm9 Tests showkids already have herd immunity
Covd is 99% recoverable
Pfizer is 0.8% effective
J&amp;J  &amp; Moderna  1.2%
AstraZeneca  1.3%
WHY risk poisonous vax?"
1540676107648675847,2022-06-25 12:39:43+00:00,"St Petersburg, FL",How hiring the wrong medical ‚Äúexpert‚Äù derailed US pandemic response | #covid https://t.co/Qf0tum5Ahm
1540666184189747203,2022-06-25 12:00:17+00:00,,"No one said *you* needed to vote ‚Äúharder,‚Äù they said *more* of us need to vote *every time.*

Do you believe that the vaccination doesn‚Äôt work since you got vaxed and the pandemic didn‚Äôt end? 

If you choose not to vote you‚Äôre keeping us from political herd immunity."
1540665508088774656,2022-06-25 11:57:35+00:00,,"""Deborah Birx argues Scott Atlas encouraged ideas that defied basic principles of public health""

Trump's COVID Task Force Leader Pushed Back on 'Herd Immunity' Approach https://t.co/QSUID14piw"
1540664805731831811,2022-06-25 11:54:48+00:00,,"""revealed extensive evidence of...efforts to undermine the nation's public health response to the coronavirus crisis in an attempt to benefit the former president politically.""

Report Shows Trump Administration Embraced Herd Immunity via Mass Infection https://t.co/QCY3iA6dEW"
1540651410416717830,2022-06-25 11:01:34+00:00,,"Truth: ¬´These genetic vaccines are leaky, have poor durability, and even if every man, woman, and child in the US were vaccinated, these products cannot achieve herd immunity and stop COVID. They are not completely safe, and the full risks remain unknown.‚Äù https://t.co/AmCpD1ckZF"
1540630100303122434,2022-06-25 09:36:54+00:00,"Middlesbrough, England","Distraction policy working well, yesterday itn reported on china &amp; told us the rest of the world had developed herd immunity! BBC reported ONS data of 1000+ deaths/day now but you,ll die of covid if you go to hospital because thats where you,ll get it, the media eh!"
1540614978130034689,2022-06-25 08:36:48+00:00,Tory Democide he/they,"AIDS pandemic, this is not hyperbole.

Hepatitis
Polio
TB
Meningococcal
Increased chickenpox severity
Monkeypox

This is all easily explained.  SARS-conferred immunodeficiency causing older diseases to become more transmissible, defeating ""natural"" herd immunity https://t.co/fipXOMeNBX"
1540604758297542656,2022-06-25 07:56:12+00:00,"kanamaluka, plague island","üí©
‚ÄúWELCOME TO THE SHIT SHOW‚Äù

‚ÄúPlease, remember the important COVID safe behaviours - wash your hands and sanitise, and cover coughs and sneezes‚Äù 
~ Premier Rockliff 9.5.‚Äô2022

‚ÄúThat, I think, probably reflects some modest level of herd immunity‚Äù 
~ Dr. Veitch 6.6.2022

#politas https://t.co/mpSeQKbZcG https://t.co/8WbNOlKz1T"
1540599136860311553,2022-06-25 07:33:51+00:00,,"Dr. Naomi Wolf: ""Fauci told the World Economic Forum that 'herd immunity' (and current vaccines) are not viable long-term options for controlling SARSCOV2; he says we need a ""broader"" SARSCOV2 vaccine.  So get ready, folks, cuz that's their game plan."" https://t.co/XPivko0ZJ6"
1540586428777857024,2022-06-25 06:43:21+00:00,North Yorkshire. Plague Island,"‚¨áÔ∏è Johnson‚Äôs dither and delay, his pursuit of herd immunity, of us ‚Äòtaking it on the chin‚Äô probably cost 100,000 lives during the pandemic. He should be removed from office and tried for #Democide. #JohnsonOut152 
#ToryPoverty like their #Covid strategy is a political choice! https://t.co/v22RQfu2iA"
1540580466780143618,2022-06-25 06:19:40+00:00,Scotland,"#The rise of the #Omicron_variant has shattered any remaining illusions of #herd_immunity.
We are on the brink of our #third Omicron wave in barely six months.""
https://t.co/gdxIC317qg"
1540576993313685504,2022-06-25 06:05:52+00:00,"Rosedale, North York Moors","You‚Äôve had Covid. 

Because it is such a harmless virus, you are just one of the 60-70% of people that never had any symptoms.

Herd immunity rocks! https://t.co/0KLDIsNm2I"
1540575271262224384,2022-06-25 05:59:01+00:00,USA üá∫üá∏ Texas variant üåä ,". New Select Subcommittee Report Reveals Full Scope Of Trump Administration‚Äôs Embrace Of A Dangerous And Discredited Herd Immunity Via Mass Infection Strategy
Jun 21, 2022 
https://t.co/neTTbzu0Nd"
1540564503775088642,2022-06-25 05:16:14+00:00,USA,"Deborah Birx, who coordinated the pandemic response during the Trump administration, said former president Donald Trump was swayed by ‚Äúdangerous ideas‚Äù about the coronavirus, including unfounded claims about herd immunity and unproven treatments.  
https://t.co/UnvWbGn1Wv"
1540555679106158593,2022-06-25 04:41:10+00:00,"Las Vegas, NV, USA","This is utterly monstrous. Seek out the worst guy offering the worst advice. 

How hiring the wrong medical ‚Äúexpert‚Äù derailed US pandemic response https://t.co/wohG1SZ7NW"
1540544310877102081,2022-06-25 03:56:00+00:00,Shanghai,"#Shanghai has begun offering #COVID-19 #boostershots with different #vaccines to enhance herd immunity against the fast-mutating #coronavirus. All subdistricts and towns in the Pudong New Area have initiated the vaccination method, known as sequential immunization. https://t.co/95BMhlNOed"
1540540885615747072,2022-06-25 03:42:23+00:00,USA,"The graph or low-vaccinated Urk's Covid levels in sewage closely resembles the graph of low-vaccinated Bulgaria's Covid cases.

Here we see Herd Immunity (Urk, Bulgaria) vs Herd Mentality (Portugal, rest of Netherlands etc).

Discussed here:

https://t.co/jHnmkmsUkv https://t.co/XPV16jwLP0 https://t.co/CTG25Tmr5H"
1540530285837697030,2022-06-25 03:00:16+00:00,,"HERD IMMUNITY. With two new COVID variants coming that will be tested again. If it holds, that will be bullish.

Watchful waiting for now with a hopeful turn in ALL critical economic insults on the horizon."
1540528772474175488,2022-06-25 02:54:15+00:00,,"Deborah Birx, who coordinated the pandemic response during the Trump administration, said former president Donald Trump was swayed by ‚Äúdangerous ideas‚Äù about the coronavirus, including unfounded claims about herd immunity and unproven treatments."
1540527499557232640,2022-06-25 02:49:12+00:00,,"My humble opinion:
Covid-19 has started to raise its ugly head. A good mask is essential though vaccinated and boosted. The severity may not life threatening as in the past due to herd immunity and loss of virulence. However, people with co- comorbidities must be very cautious."
1540458398164074498,2022-06-24 22:14:37+00:00,"washington, dc",Why we should still care about COVID and not surrender to herd immunity https://t.co/cO0rXBNn7P
1540456007834316801,2022-06-24 22:05:07+00:00,"Earth, PNW",That was the point.   How hiring the wrong medical ‚Äúexpert‚Äù derailed US pandemic response | Ars Technica https://t.co/Z5PX40MRv0
1540445969967452160,2022-06-24 21:25:13+00:00,Estonia,anybody remembers the idea of herd immunity to overcome our ongoing Covid19 pandemic? Ars Technica has a great piece about how and where this idea is coming from: https://t.co/Hkxd49NR4e
1540425863627431936,2022-06-24 20:05:20+00:00,Toronto,"How hiring the wrong medical ‚Äúexpert‚Äù derailed US pandemic response

This makes so much sense. But the damage is already done. Thanks, Trumps, yet again... is there anything that family touched that hasn't ended up fucked up beyond all reason?
https://t.co/PyLePyoXuZ"
1540424904666931202,2022-06-24 20:01:31+00:00,"metro Detroit, Michigan","Missed this news earlier this week of the Select Subcommittee report. 

""Dr. Atlas incorrectly estimated that the coronavirus 'would cause about 10,000 deaths'‚Äîwhich he wrote was comparable to the toll from a normal flu season and 'would be unnoticed'...""

https://t.co/PjZRFIWxQF"
1540419698495328256,2022-06-24 19:40:50+00:00,random,"How hiring the wrong medical ‚Äúexpert‚Äù derailed US pandemic response

https://t.co/WoFGNmZOOi"
1540416982213967872,2022-06-24 19:30:02+00:00,,Hope of Herd Immunity Dwindles Alongside Federal COVID-19 Budget and Supplies; $ADTX and AditxtScore(TM) Could Create Map to COVID-19 Immune Responses https://t.co/l9E805xN0b https://t.co/LK3W12pqgF
1540415723650039808,2022-06-24 19:25:02+00:00,"Los Angeles, CA",Hope of Herd Immunity Dwindles Alongside Federal COVID-19 Budget and Supplies; $ADTX and AditxtScore(TM) Could Create Map to COVID-19 Immune Responses https://t.co/cuE0CLy5TQ https://t.co/8vQCyo1c5T
1540415026074353664,2022-06-24 19:22:16+00:00,,"Like the Great Barrington Declaration and herd immunity?

The Washington Post: Trump swayed by 'dangerous ideas' about coronavirus, Birx tells House panel.
https://t.co/CreNO70wTh

via @GoogleNews"
1540409439773147142,2022-06-24 19:00:04+00:00,"San Francisco, California",Hope of Herd Immunity Dwindles Alongside Federal COVID-19 Budget and Supplies; $ADTX and AditxtScore(TM) Could Create Map to COVID-19 Immune Responses https://t.co/gPiOBEVRt1 https://t.co/PYFMN0yflD
1540400142418862080,2022-06-24 18:23:07+00:00,"Guelph, Ontario",How hiring the wrong medical ‚Äúexpert‚Äù derailed US pandemic response https://t.co/VjlT6sjlSt
1540399275804442624,2022-06-24 18:19:41+00:00,Suburban Chicago,How hiring the wrong medical ‚Äúexpert‚Äù derailed US pandemic response https://t.co/nHgMqsVk53
1540395500612030464,2022-06-24 18:04:41+00:00,"New York, NY",How hiring the wrong medical ‚Äúexpert‚Äù derailed US pandemic response https://t.co/golsUaSX51
1540392218178949120,2022-06-24 17:51:38+00:00,"Los Angeles, California",I shouldn't be surprised that the Trump administration was callous and directed by what they wanted to believe rather than reality to the point that they welcomed an unqualified harbinger of death to lead their COVID policy: https://t.co/I9QbDuTe57
1540389417998700544,2022-06-24 17:40:30+00:00,"West Coast, World Citizen ","In the wake of covid, I don't know if we ever reached herd immunity, but we've definitely reached herd stupidity."
1540383716408688649,2022-06-24 17:17:51+00:00,Everywhere,"The GOP across the country, including Trump's appointment of Scott Atlas, advocated for policies to expose everyone to Covid, killing off sick and the old in order to provoke
""Herd immunity""

Prolife my......."
1540377285156515842,2022-06-24 16:52:18+00:00,"Winnipeg, Manitoba",$ADTX Hope of Herd Immunity Dwindles Alongside Federal COVID-19 Budget and Supplies; Aditxt Inc. (NASDAQ: ADTX) and AditxtScore(TM) Could Create Map to COVID-19 Immune Responses https://t.co/TFPl2bx74T
1540373089262993408,2022-06-24 16:35:37+00:00,Somewhere near the Cotswolds,"The problem with trying for herd immunity is that we end up with the COVID19 virus evolving into better and better variants, where better means 'has an evolutionary advantage' to it not us. https://t.co/75gGaZxbMK"
1540369061913280513,2022-06-24 16:19:37+00:00,"Parish, NY","THINNING THE HERD

How Trump hiring the wrong medical ‚Äúexpert‚Äù derailed US pandemic response

An advocate for herd immunity inside the White House pushed to increase infections.

JOHN TIMMER - 6/23/2022, 1:49 PM

https://t.co/TH2s0DY9ul"
1540337233143775234,2022-06-24 14:13:09+00:00,"Detroit, Michigan",How hiring the wrong medical ‚Äúexpert‚Äù derailed US pandemic response https://t.co/5CJ4oG6dhz
1540334935541694468,2022-06-24 14:04:01+00:00,"Tampa, FL",How hiring the wrong medical ‚Äúexpert‚Äù derailed US pandemic response | Ars Technica https://t.co/0sBG5TwQqK
1540334173378019330,2022-06-24 14:00:59+00:00,,"Anti-science legislators, all the way up to the level of POTUS, endanger lives
 
""...the US's response to the coronavirus pandemic went so wrong that the country ended up with over a million deaths and one of the worst per-capita death rates in the world.""
https://t.co/T1vgzRiRdg"
1540322613494714369,2022-06-24 13:15:03+00:00,Shanghai,#Shanghai has begun offering #COVID19 #boostershots with different vaccines to enhance herd immunity against the fast-mutating coronavirus. https://t.co/4BhXqJArsp https://t.co/xu7vyko9VC
1540310299760365568,2022-06-24 12:26:07+00:00,"Toronto, ON, CDA","{aJSD}:  IMO, Scott Atlas is more of a ‚ùõheard immunity‚ùú enthusiast‚Ä¶

How hiring the wrong medical ‚ùùexpert‚ùû derailed US pandemic response

An advocate for herd immunity inside the White House pushed to increase infections. https://t.co/6fwjkJ351a"
1540309419363368961,2022-06-24 12:22:37+00:00,,NOBODY CARES! HERD IMMUNITY IS THE ONLY WAY OUT OF A PANDEMIC https://t.co/UExcOF8uNf
1540300550704619522,2022-06-24 11:47:23+00:00,,How hiring the wrong medical ‚Äúexpert‚Äù derailed US pandemic response #SmartNews  https://t.co/lhEHRyPgw7
1540299959853109250,2022-06-24 11:45:02+00:00,"Washington, DC",Putting ideology over science made the COVID-19 pandemic in the US much worse https://t.co/EXzFsNN6Y6 https://t.co/fagQpy6RlV
1540298158588174339,2022-06-24 11:37:53+00:00,RI,How hiring the wrong medical ‚Äúexpert‚Äù derailed US pandemic response #SmartNews  https://t.co/GxTVXNNoOF
1540292125308354562,2022-06-24 11:13:54+00:00,Canada üá®üá¶,"This ‚¨áÔ∏è No mystery here #COVID19 

""The proponents of herd immunity advocate the deliberate mass infection of the young. Keeping schools open is central to forcing parents into unsafe workplaces and preventing any disruption to profits"" cc @MeetJess https://t.co/7uY0fMehOZ"
1540284805396545538,2022-06-24 10:44:49+00:00,I live in Ohio ,"Natural immunity offers greater COVID protection than vaccines, study finds. This is the only path toward ""herd immunity"""
1540281881241042950,2022-06-24 10:33:12+00:00,,"Dr. Geert Vanden Bossche: Covid Infection, Disease to Aggravate in Vaccinated | Mass vaccination with ‚Äúleaky‚Äù vaccines could not lead to herd immunity. https://t.co/7zgYSlEsog"
1540276072054259714,2022-06-24 10:10:07+00:00,"Wyoming, USA",a lifer with glowing red eyes acquired herd immunity from the coronavirus
1540273370041749504,2022-06-24 09:59:22+00:00,NC,"MUST READ REPORT: 
So J. Kushner Hired Quack Dr. Scott Atlas to Push Herd Immunity Strategy with Trump WH &amp; undermine CDC measures rather that promote preventative measures until the vaccines were readily available üëÄü§¨ https://t.co/GZk82MbVfH"
1540264612486168576,2022-06-24 09:24:35+00:00,,"And of course they are still talk about getting big calls right, despite his absence from #covid Cobrameetings, running down PPE, ‚Äòherd immunity‚Äô, underfunding #nhs, scale of Covid contract corruption, lawbreaking, attempt to suppress parliament, undermining Good Friday agreement https://t.co/E8q3bFXDnN"
1540259593883901953,2022-06-24 09:04:38+00:00,Norway,How hiring the wrong medical ‚Äúexpert‚Äù derailed US pandemic response | ‚Å¶@arstechnica‚Å©  https://t.co/0R0or7DNTY
1540259289759068160,2022-06-24 09:03:25+00:00,"Suginami-ku, Tokyo-to, Japan","I've never understood the idea of herd immunity for covid from day 1, as from my understanding the common cold is also a type of coronavirus.

And does anybody have herd immunity from the common cold? https://t.co/qx2mnKVOHv"
1540254454410366976,2022-06-24 08:44:13+00:00,"North East, England","People who said the Tories wouldn't lose because voters don't like ""wokeness"" are now disabused. The coup is almost complete. Well done to the cupboard-jumping lockdown sceptics who put their egos ahead of Britain's future and refused to talk about the herd immunity capitulation."
1540253242663309312,2022-06-24 08:39:24+00:00,"Louisiana, USA",COVID proving again that Herd immunity does not exist. https://t.co/oeOlpescDC
1540249686207918080,2022-06-24 08:25:16+00:00,Thinkstan,How hiring the wrong medical ‚Äúexpert‚Äù derailed US pandemic response https://t.co/uwZzbGGCAX
1540245210000633856,2022-06-24 08:07:29+00:00,SoCal,How hiring the wrong medical ‚Äúexpert‚Äù derailed US pandemic response #SmartNews  https://t.co/CXyRpzSjlz
1540245066664382464,2022-06-24 08:06:54+00:00,University North Texas,Can anyway find ANY of those experts that talked up herd immunity? #COVID19 #covidau living with #covid working ? Let‚Äôs me start with @Adam_Creighton  any others?
1540244224024903680,2022-06-24 08:03:34+00:00,University North Texas,Covid-19 reinfections expected to rise. Where are all those experts that claimed the term herd immunity?  https://t.co/UGi2JYFtCv
1540238968817876992,2022-06-24 07:42:41+00:00,Melbourne,"Geez, really looking like media and Libs completely wrong about Teals, ALP and Greens all working together.
And wrong about PRGuy.
And wrong about covid herd immunity.
And wrong about Libs ability to government or opposition.
Consistently wrong about everything basically.
#Auspol"
1540230888734302208,2022-06-24 07:10:34+00:00,,"So injecting small children with a vaccine designed for the alpha strain is going to change the course of the so called pandemic. 
Those who have had no problems with this virus for 2yrs and perhaps are our last chance of herd immunity. That makes perfect sense doesn't it ü§°üåé"
1540229948249673728,2022-06-24 07:06:50+00:00,,New: How hiring the wrong medical ‚Äúexpert‚Äù derailed US pandemic response https://t.co/GFY9vEWCi5
1540229525006684160,2022-06-24 07:05:09+00:00,Forest of Dean,"Wow! A lot of the big decisions right during covid @BorisJohnson 
You got so many decisions wrong and had to u-turn! Herd immunity? Ppe? Care homes? Eat out to help out? Partygate?
#outoftouch"
1540219209858301953,2022-06-24 06:24:10+00:00,,"When people say ‚Äúherd immunity‚Äù in the context of COVID, this is what it means.
The great barrington declaration made this little experiment in eugenics official policy. https://t.co/82jBUm2vgH"
1540213246644420614,2022-06-24 06:00:28+00:00,"Burlington, VT",How hiring the wrong medical ‚Äúexpert‚Äù derailed US pandemic response https://t.co/Thme5xnzOd
1540212603712319488,2022-06-24 05:57:55+00:00,"Oami, Chiba, Japan",New report on how Scott Atlas made herd immunity an unofficial US policy - How hiring the wrong medical ‚Äúexpert‚Äù derailed US pandemic response: An advocate for herd immunity inside the White House pushed to increase infections. https://t.co/I2uiguLEwN
1540208496272199682,2022-06-24 05:41:35+00:00,,"How hiring the wrong medical ‚Äúexpert‚Äù derailed US pandemic response
#science
https://t.co/xbljK54mcn"
1540206184220676097,2022-06-24 05:32:24+00:00,Australia,"Seems like Gerrard's ‚Äúnecessary that all Qlders catch Covid to achieve herd immunity‚Äù didn‚Äôt work, huh?
So now he‚Äôs abandoning public health measures &amp; foisting the burden onto GPs and EDs.
That is absolute dereliction of duty &amp; he should be sacked. He has 1 job: public health! https://t.co/IC2SwrtVGZ"
1540204053682077696,2022-06-24 05:23:56+00:00,"London, England",Impt new #covid19 info re:reinfection..read entire thread.herd immunity üëé ‚Äústudy signals is that reinfection is common (already &gt;12%) and it is likely to carry significant risk to those who get reinfected and likely a substantial additional burden on health systems and society‚Äù https://t.co/SomULqF1mS
1540197143541055488,2022-06-24 04:56:29+00:00,Danmark,"German health minister @Karl_Lauterbach has the capability to read and analyse valid scientifically documented data. Unlike @Heunicke who denies the threath Covid is to the population. @Heunicke continues with the herd immunity strategy, although covid continuously mutate and https://t.co/EAHD9TedA3"
1540193260236197891,2022-06-24 04:41:03+00:00,"Long Island, NY",How hiring the wrong medical ‚Äúexpert‚Äù derailed US pandemic response https://t.co/DqC6nVIShr
1540177210694602752,2022-06-24 03:37:16+00:00,,"Welp, who could've seen this coming?
Your risk of death, hospitalisation &amp; post-COVID illnesses in all organ systems increases with each reinfection. 

Herd immunity is a joke, &amp; not a funny one, a dangerous one.

Our government fails us all once again. https://t.co/hMsXi6Ro0R"
1540160082440241152,2022-06-24 02:29:13+00:00,"New York, USA","https://t.co/ZvMEBhZgcT:‚ÄùThe Johnson government used the pandemic to implement a massive transfer of social wealth to the major corporations, while imposing a herd immunity policy that killed 200,000 people and left millions with long-term illness.‚Äù"
1540143064475639808,2022-06-24 01:21:35+00:00,"California, USA",How hiring the wrong medical ‚Äúexpert‚Äù derailed US pandemic response https://t.co/tfxs4pZF3y
1540139913567301633,2022-06-24 01:09:04+00:00,"Portland, OR",How hiring the wrong medical ‚Äúexpert‚Äù derailed US pandemic response https://t.co/U2jL01Art5
1540138957220073473,2022-06-24 01:05:16+00:00,"St Petersburg, FL",Trump's COVID Task Force Leader Pushed Back on 'Herd Immunity' Approach | MedPage Today https://t.co/hj3TshUaXB
1540138337050062848,2022-06-24 01:02:48+00:00,"Seattle, WA, USA (mostly)","How hiring the wrong medical ‚Äúexpert‚Äù derailed US pandemic response

‚ÄúScott Atlas, a White House adviser, used his position to advocate for allowing the SARS-CoV-2 virus to spread and tried to block testing for it, which would further that goal.‚Äù https://t.co/dqLf31Z40r"
