,tweet_id_str,date_time,location,tweet_text
0,1542639871981920256,2022-06-30 22:43:01+00:00,"Pennsylvania, USA","interview renowned oxford epidemiologist dr. sunetra gupta viruses , population immunological landscape , sars cov 2 unusual perverse outcome intervention , more."
1,1542621979496402952,2022-06-30 21:31:55+00:00,"New York, USA",rna vaccine vaccine especially dangerous vaccine directed old 19 spike protein longer became extinct original 19 became extinct due herd immunity.this vaccine give protection .
2,1542613809285795840,2022-06-30 20:59:27+00:00,"Wirral, UK","freedom day fast approaching , government going herd #covid19 #humour #kindleunlimited"
3,1542601823202119681,2022-06-30 20:11:49+00:00,"BC, Canada(formerly, Calif)",opinion one doctor wrecked response
4,1542600827730157568,2022-06-30 20:07:52+00:00,,"marching skippy james topp dr paul alexander , trump caputo science adviser called millions americans infected 19 achieve herd save economy. alexander dominated topp ' presser 24 cpc mps ottawa week ago."
5,1542577731841544192,2022-06-30 18:36:05+00:00,"Tampa, FL",one doctor wrecked response
6,1542564384974770178,2022-06-30 17:43:03+00:00,"Ottawa, Ontario",man following poilievre donald trump ' health advisor wanted infants infected covid.
7,1542549028956786689,2022-06-30 16:42:02+00:00,üåé,herd approach get embraced trump ? house select subcommittee points dr. scott atlas
8,1542525737743400960,2022-06-30 15:09:29+00:00,"New York, NY","editl bd mr. #trump embraced wrongheaded policy appealed hope virus would go away ... wrong dr. atlas ? said virus might cause abt 10,000 deaths. end , directly caused least 1 million ..."
9,1542525573875961856,2022-06-30 15:08:50+00:00,"Wenen, Oostenrijk","' sage never discussed notorious herd plan apparently started government behavioural insights unit , hardly epidemiologists. week delay initial cost 20,000 lives . '"
10,1542525360461565952,2022-06-30 15:07:59+00:00,,"dear lord trust xi biden bloomberg xi warns ' herd , ' vows stick zero."
11,1542522579625250822,2022-06-30 14:56:56+00:00,,"president #xijinping reiterated dynamic zero #covid policy proved correct effective nation ' response 19 outbreaks , saying herd approach would cause unimaginable consequences populous country china."
12,1542519892766642177,2022-06-30 14:46:15+00:00,Indiana,"recently talked immunological landscape population , sars cov 2 unusual , perverse outcome intervention , lose sleep worrying apocalyptic pandemic."
13,1542518400198385667,2022-06-30 14:40:19+00:00,Whadjuk Noongar Boodja,tfw expression perth degrees separation means got 19 still cannot believe came lowest world herd immunity. ' right.
14,1542507794548502531,2022-06-30 13:58:11+00:00,Same Keenan Powell on Facebook,opinion one doctor wrecked response
15,1542492967117651971,2022-06-30 12:59:16+00:00,Western NC,"hey , ' all. ' one people keeps asking anyone ' 19 , yet ? please stop. ' holding survey. ' asking anecdotes , best. ' going reach herd covid. mask , vax , distance , wash ' hands ."
16,1542470948770775042,2022-06-30 11:31:46+00:00,,"... western govt. ' exit strategy tactics reach goal viral attenuation vivo serial passaging cell tissue unvaccinated school children , herd antibodies cell memory mass infection. btw , failed uk."
17,1542468737751818241,2022-06-30 11:22:59+00:00,"Jinan, Shandong, China","president xi jinping reiterated dynamic zero policy proved correct effective nation ' response 19 outbreaks , saying herd approach would cause unimaginable consequences populous country china."
18,1542468576547848192,2022-06-30 11:22:20+00:00,,"president xi jinping reiterated dynamic zero policy proved correct effective nation ' response 19 outbreaks , saying herd approach would cause unimaginable consequences populous country china."
19,1542465738061012992,2022-06-30 11:11:04+00:00,"Cambridge, MA",one doctor wrecked response
20,1542445809614086149,2022-06-30 09:51:52+00:00,Birmingham,50000 #covid #birmingham herd here. summer wave still mutating. #mask #ventilate take care
21,1542435772669779969,2022-06-30 09:11:59+00:00,,"president #xijinping reiterated dynamic zero policy proved correct effective china ' response #covid19 outbreaks , saying herd approach would cause unimaginable consequences."
22,1542429779923959808,2022-06-30 08:48:11+00:00,Hong Kong,"interesting see comment government health adviser prof. ivan hung xi jinping arrives town , day earlier warned herd said zero still economic effective policy china"
23,1542428402606563329,2022-06-30 08:42:42+00:00,,"sadly likely possibility new variant concern deadly risk ignore , two things seem rather evident. 1. long , wave new infection , represent huge burden economy. evidence herd infection always 4"
24,1542411605031489539,2022-06-30 07:35:57+00:00,South Africa,"19 vaccination levels dropping fast , putting south africa ' herd target well reach. people reading end restrictions signal vaccination longer required , say government monitors."
25,1542410387919982597,2022-06-30 07:31:07+00:00,"Montpellier, France","herd , herd getting vulnerable. ... watching water flow uphill. see , need start looking external driver."
26,1542408389556178944,2022-06-30 07:23:11+00:00,,"emphasis word pointless. herd #covid pipe dream. chicken pox. get , get again. #maskup #getvaccinated"
27,1542408341317877760,2022-06-30 07:22:59+00:00,"nipaluna/Hobart, Australia","cynical , pro business , unscientific herd approach , costing us dearly. 92 tasmanians lost counting , cases rising dangerous ba. 4 5 becoming dominant. got one world highest transmission rates. masks save lives. #politas"
28,1542402776986054656,2022-06-30 07:00:53+00:00,"Boston, MA","china stick ' zero ' strategy even hurts country ' economy , xi jinping ... country large population. strategies ' herd ' ' lying flat ' would lead consequences unimaginable , xi said. 35m ago"
29,1542375733929971712,2022-06-30 05:13:25+00:00,"Kennewick, WA","wrong #dratlas ? march email , said judging early estimates , virus might cause 10,000 deaths. end , directly caused least 1 million deaths united states indirectly many more."
30,1542373678029094913,2022-06-30 05:05:15+00:00,,everyone watch video february 2020 critical period 19 response herd project
31,1542333615811579906,2022-06-30 02:26:03+00:00,"Tucson, Arizona",one doctor wrecked response
32,1542329014739673089,2022-06-30 02:07:46+00:00,,' mask ' vaccinated young good immune system probably built kind antibodies herd works #masksdont #thatsprovenscience
33,1542326302493085696,2022-06-30 01:57:00+00:00,,"president #xijinping reiterated dynamic zero policy proved correct effective china ' response #covid19 outbreaks , saying herd approach would cause unimaginable consequences."
34,1542320047632302085,2022-06-30 01:32:08+00:00,,"president #xijinping reiterated dynamic zero policy proved correct effective nation ' response #covid19 outbreaks , saying herd approach would cause unimaginable consequences populous country china."
35,1542311143917686784,2022-06-30 00:56:46+00:00,,"actually wearing one , especially knowing science support wearing mask prevents exposure , slow spread. much rather build herd quickly possible. even immunocompromised individual"
36,1542293398282854407,2022-06-29 23:46:15+00:00,"Vancouver, BC","herd , herd getting vulnerable. omicron spreading like wildfire optimized infect vaccinated. antigenic fixation frozen immune response boosters going help."
37,1542290472562855937,2022-06-29 23:34:37+00:00,Milliways,"thank advocacy . said , need rational knowledgeable voices media debunking common myths including false claims disease become milder time , population achieve herd immunity."
38,1542286667050266624,2022-06-29 23:19:30+00:00,,eugenics programme known living reaching herd going well.
39,1542283889179238400,2022-06-29 23:08:28+00:00,,"xi warns herd , vows stick zero"
40,1542283443349889024,2022-06-29 23:06:41+00:00,,opinion scott atlas ' ' herd ' approach wrecked response washington post
41,1542278147403661313,2022-06-29 22:45:39+00:00,South Wales,people understand horrible develop herd allowed spread mutate dodge vaccines. frustrated trying run business. #wearamask #covidisairborne
42,1542276606022090758,2022-06-29 22:39:31+00:00,USA,"xi warns herd , vows stick zero"
43,1542276300290899970,2022-06-29 22:38:18+00:00,Florida,opinion scott atlas ' ' herd ' approach wrecked response washington post
44,1542270503263805440,2022-06-29 22:15:16+00:00,¬Ø\_(„ÉÑ)_/¬Ø,sadly qld ' cho ' get memo disproving notion herd variant. perhaps far concerned herd inmunity public health measure shelved viable approach.
45,1542263581722529795,2022-06-29 21:47:46+00:00,UK,"cases uk could hit 300,000 day next week , scientists warn. time herd immunity. pfizer develop jab terrifying omicron variant news. ' almost like marketing campaign. sent"
46,1542258899314688002,2022-06-29 21:29:10+00:00,"Washington, DC","bloomberg xi warns ' herd , ' vows stick zero."
47,1542258370689863680,2022-06-29 21:27:04+00:00,üåé,editorial board one doctor wrecked response
48,1542251252934909953,2022-06-29 20:58:46+00:00,,opinion one doctor wrecked response
49,1542246720196730880,2022-06-29 20:40:46+00:00,N.Y.,select subcommittee releases trump regime herd report must accountability deliberate act negligence many deaths even tweet.
50,1542236680492564480,2022-06-29 20:00:52+00:00,"Nairobi, Kenya","19 enemy within achieving herd guarantee happen year time reduces time dr. loice ombajo , infectious disease specialist uon #jklive"
51,1542231377365504000,2022-06-29 19:39:48+00:00,USA,"herd , herd getting vulnerable. happen like wild. magnitude. watching water flow uphill. see , need start looking external driver."
52,1542223387098902528,2022-06-29 19:08:03+00:00,new york city,one doctor wrecked response
53,1542207281974091776,2022-06-29 18:04:03+00:00,,"xi takes straw men arguing maintaining zero policy country large population , strategies herd lying flat would lead consequences unimaginable."
54,1542203499940806656,2022-06-29 17:49:01+00:00,overal en nergens,"herd , herd getting vulnerable. brilliant article everything need read today ' case sensitive ! . 1 2"
55,1542197883985960963,2022-06-29 17:26:42+00:00,"Manchester, England",1 63 people north west hospitalised due throughout pandemic. yet hospitalisations still surging. herd biggest failed experiment.
56,1542191171174268928,2022-06-29 17:00:02+00:00,"Atlanta, GA",hope herd dwindles alongside federal 19 budget supplies adtx aditxtscore tm could create map 19 immune responses #medical
57,1542175720197218304,2022-06-29 15:58:38+00:00,,less deaths new variant. herd finally thing .
58,1542175355892469760,2022-06-29 15:57:11+00:00,"Here, duh","herd , herd getting vulnerable."
59,1542175029500182528,2022-06-29 15:55:53+00:00,"Stockport, Uk","cases surging towards 300,000 day prompting warnings autumn wave worse expected boris plan ' herd ' worked uk far ?"
60,1542174067847036929,2022-06-29 15:52:04+00:00,,report fauci admits lied country ready hear truth
61,1542173894404194306,2022-06-29 15:51:23+00:00,,"second brazil , u.s. highest deaths per capita world. remember bolsonaro accused mass homicide promoting herd ?"
62,1542173134287167490,2022-06-29 15:48:22+00:00,Hong Kong,"xi warns ' herd ' , vows stick zero policy"
63,1542166836648853505,2022-06-29 15:23:20+00:00,,ai cyber shared trying use fact people believed herd lie order still keep open schools purpose spread track family home structures open zoom. zoom censor
64,1542165592974626816,2022-06-29 15:18:24+00:00,australja,reason still stubborn minority continuing wear masks preventing us reaching herd
65,1542162432222789635,2022-06-29 15:05:50+00:00,A top secret base in the UK ,"disgraceful. control , ignore hope herd loved ones die."
66,1542158546351149056,2022-06-29 14:50:24+00:00,"San Diego, CA","cat opines herd , herd getting vulnerable happen like wild magnitude."
67,1542154747070894081,2022-06-29 14:35:18+00:00,"New York, NY",president xi consequences focusing achieving herd china would unthinkable china ' zero measures economical effective.
68,1542151174316597253,2022-06-29 14:21:06+00:00,A top secret base in the UK ,sorry hear yes clinically vulnerable people let government ' herd plan. included asthma .
69,1542149331662282754,2022-06-29 14:13:47+00:00,"Lagos, Nigeria","xi warns herd , vows stick zero"
70,1542145393382785025,2022-06-29 13:58:08+00:00,"Devon, UK & California, USA",like herd look got us ! #toriesdevoidofshame
71,1542142090573914114,2022-06-29 13:45:00+00:00,Dubai,"president xi jinping declares #covid zero economic effective policy #china , symbolic visit wuhan cast strategy proof superiority country political system."
72,1542133366711283712,2022-06-29 13:10:20+00:00,,"xi says zero policy economic , effective china , warns herd"
73,1542130390160343043,2022-06-29 12:58:31+00:00,UK,believe sir patrick vallance ' herd sars cov 2 ?
74,1542124983844974593,2022-06-29 12:37:02+00:00,"Washington, DC","world letting rip , meaning measures stop spread ended. supportive herd approach vaccines available , governments giving new guidance explaining #endemic."
75,1542103025266966528,2022-06-29 11:09:46+00:00,Southwest Missouri,"xi warns ' herd , ' vows stick zero"
76,1542096311708954624,2022-06-29 10:43:06+00:00,"Gastonia, NC","xi warns herd , vows stick zero."
77,1542092625284571136,2022-06-29 10:28:27+00:00,,"chinas xi warns herd , says zero policy works best"
78,1542088338089426949,2022-06-29 10:11:25+00:00,,"xi warns herd , vows stick zero"
79,1542087951340945408,2022-06-29 10:09:52+00:00,UAE,"china xi warns herd , says zero policy works best"
80,1542087872265715712,2022-06-29 10:09:34+00:00,"Kirriemuir, Scotland",stricken jeremy vine leads calls return shielding.they telling want herd reporting
81,1542087774479781894,2022-06-29 10:09:10+00:00,Bizarro world,immune system expert prof. cyrille cohen wants actively encourage herd among vulnerable older population injecting last people country still true non sterilising vaccine .
82,1542073761695862784,2022-06-29 09:13:29+00:00,,"xi said china ' #covid response measures protected people ' lives health greatest extent. china adopted ' herd ' policy hands approach , given large population , country would faced catastrophic consequences. #xijinping"
83,1542072387679580160,2022-06-29 09:08:02+00:00,Canada,"xi warns ' herd , ' vows stick zero"
84,1542062542872141826,2022-06-29 08:28:55+00:00,"Beijing, China","visit wuhan , president xi said given china ' large population , pursues herd adopts lying approach , consequences would unimaginable dynamic zero economical effective choice country."
85,1542050733209653255,2022-06-29 07:41:59+00:00,United Kingdom,discredited herd strategy interesting hatchet job early us strategy. time trump partisan attack. need click get full thing. text 20 pages long.
86,1542041045533196290,2022-06-29 07:03:29+00:00,WA ,itspeaks4itself ! get fauci army preached herd instead locked world ! god gave ! millions mankind take care body immune system ! weathered 19 flu without weird science
87,1542040163009695745,2022-06-29 06:59:59+00:00,Beijing,"xi visits #wuhan , emphasizing china stick dynamic zero tolerance policy , saying given large population , china take herd policy lying flat dealing virus , stances lead disastrous outcome."
88,1542038977825341440,2022-06-29 06:55:16+00:00,Barneveld,"dr. jay bhattacharya vaccine mandates , herd , zero 19 impossible"
89,1542036138726084608,2022-06-29 06:43:59+00:00,,"president xi china chooses path herd lying flat nothing , would unthinkable consequences. dynamic zero policy fits china special condition. remain committed policy even expense economic growth."
90,1542035054498414592,2022-06-29 06:39:41+00:00,Shanghai HongKong,"zero policy economic effective way #china. choose herd lying flat , based china ' mass population , consequences would ghastly contemplate , xi jinping stressed visit wuhan , hubei. xinhua"
91,1542030563431055360,2022-06-29 06:21:50+00:00,,need stop considering vaccines almost fuck reduce transmission emerging variants provide semblance herd immunity.
92,1542025895736664064,2022-06-29 06:03:17+00:00,,"well certainly working ! #50swomen pension , letter , notice. believed austerity ploy. bit. saw thought us , #brexitlies cash honours , ppe , #torycronyism , herd , #partygate"
93,1542021931024752641,2022-06-29 05:47:32+00:00,Sverige,celebrating two years swedish herd ' late phase '
94,1541940922379894784,2022-06-29 00:25:38+00:00,,vaccines cannot catch rapidly mutating coronavirus. good news ' worry anymore become mild attenuated illness. probably natural herd anyways.
95,1541925263855915008,2022-06-28 23:23:25+00:00,Deep inside the forest....,"sharing big laughs bonding deliberately infecting citizens #covid19 allegedly herd hybrid immunity. really causing endless mass harm , disability , suffering deaths."
96,1541922258691710977,2022-06-28 23:11:28+00:00,,warning times people get reinfected likely get unlucky develop long independent. really ? ' say ... thought wrong ' you. believed herd . fauci say 70
97,1541898030965837824,2022-06-28 21:35:12+00:00,,would thought herd
98,1541868971456139266,2022-06-28 19:39:43+00:00,,"follow uk strategy nothing letter , look going. uk spin rubbed , people seeing herd debacle politics privilege pretending public health. #auspol"
99,1541854236824113152,2022-06-28 18:41:10+00:00,Vancouver,atlas report trump ' plan dealing covid. fact many would die part plan. still support ?
100,1541852413577019393,2022-06-28 18:33:56+00:00,NYC - Boston - Chicago - SF,new congressional report unpacks trump picked advisor turned cdc testing guidance mess.
101,1541849415333433344,2022-06-28 18:22:01+00:00,"Ontario, Canada",pride month 2022 leaders public health officials blaming homosexual intercourse two men fueling growing monkey pox ... instead herd test warned would destroy people ' immune systems .. organs .. savages ..
102,1541826523820335104,2022-06-28 16:51:03+00:00,,"going interesting. inquiry government response pandemic. parties , ppe contracts , herd , care homes more. good. #bbcpm #r4today"
103,1541820343685451778,2022-06-28 16:26:30+00:00,,"johnson dragged , kicking screaming know why. herd politically motivated , death dealing , delays lockdown."
104,1541815647411154950,2022-06-28 16:07:50+00:00,"Austin, Texas & Boston, MA",one reasons might never get much discussed herd role superantigens. ' thinking ' like flu ' might behave like rabies ...
105,1541812313157779456,2022-06-28 15:54:35+00:00,Frostbite Falls,"atlas dogma trump administration embrace dangerous discredited herd mass infection strategy , available full reveals following key findings #covidisairborne"
106,1541811671466971142,2022-06-28 15:52:02+00:00,,anyone remember ? back vengeance independent. johnson government caused this. herd plan caused lot pain suffering ..
107,1541811080892223488,2022-06-28 15:49:41+00:00,"North East, England","' interesting hearing schwab shrieking sceptics complain trans ideology. yes , ' dishonest ! idea boris ' pursue herd , always planned , also dishonest. ' massive lie lunatic zealots shriek planes ."
108,1541795980466692096,2022-06-28 14:49:41+00:00,Texas,trump went herd immunity. maybe citizens consulted ? herd work well. task force members worried ' misinformation ' shared trump
109,1541782453924179968,2022-06-28 13:55:56+00:00,Briland or LA,... #becausescience natural herd another prank.
110,1541782399813656576,2022-06-28 13:55:43+00:00,"Washington, D.C. ",evidence obtained shows trump admin weakened cdc #covid19 guidance embraced herd mass infection vaccines blocked scientists speaking neglected response focus big lie
111,1541777839124512768,2022-06-28 13:37:36+00:00,Plague Island ,no10 dismisses damage children unethical herd policy caused. public informed reinfections mild causing chronic illness?? ?
112,1541772389767434244,2022-06-28 13:15:57+00:00,"Nairobi, Kenya",two doctors different opinion matter e.g. different countries took different stances herd verses pro vaccine address 19. need acknowledge medicine exact science . #pandemicresilience #infodemic
113,1541760905805008897,2022-06-28 12:30:19+00:00,"District of Columbia, USA",mean ' vaccinate way herd exit ?
114,1541757656586752000,2022-06-28 12:17:24+00:00,#plagueisland‚ò£,"says man ' squeak 200,000 people dying early advising fascust tory govt herd way deal. says man whose party employers voted measures stop shit pumped water."
115,1541749165218471936,2022-06-28 11:43:39+00:00,,"#greatbarringtondeclaration ' natural herd ' ' #donothing ' dr.ian wilson , molecular structural biologist. globally 60 7 billion people 4.2 billion cases covid. 1 4.2b 42million deaths 0.5 4.2 billion cases 21million deaths #auspol"
116,1541735190711730177,2022-06-28 10:48:08+00:00,Devon UK,living herd immunity.
117,1541725372617719809,2022-06-28 10:09:07+00:00,Europe,"#covid19 ah yes , herd"
118,1541710587951988738,2022-06-28 09:10:22+00:00,"North East, England","slater says reason brave heroes ' talk herd jan 4 employers ' want to. , brave heroes kept heads pretended freedom fighters paid cover truth. brave heroes ."
119,1541706931189997568,2022-06-28 08:55:50+00:00,"Hemel Hempstead, England",sometimes way explaining science use simulation. using counters make believe cells show infection move population like plague covid. model also shows herd works. #iteachbiology
120,1541704213855617026,2022-06-28 08:45:02+00:00,Africa,#nigeria still long way achieving herd #covid19
121,1541699963872317441,2022-06-28 08:28:09+00:00,Plague Island,"says herd possible , starmer yet uk infecting children exist. know organ damage #longcovid exist. speak safe schools."
122,1541672929670594560,2022-06-28 06:40:43+00:00,"Tatungaloong,  GurnaiKunai","sensible people stopped masks , distancing , socialising outdoors etc. thing , herd people reinfecting provide immunity. getting , esp x gt 1 , indicates serious long term health risks."
123,1541626024139624450,2022-06-28 03:34:20+00:00,NYC,reminder biden campaigned full measures stop spread elected instead dropped almost prevention measures went continuing trump ' herd plan let everyone catch it. mass #longcovid gonna bitch
124,1541618571566014464,2022-06-28 03:04:44+00:00,,"back spring 2020 many people said everyone get get could get back normal. example , laurence tribe."
125,1541609351319781378,2022-06-28 02:28:05+00:00,"Chicago, IL","#mass infection based #herd fraud ! #japan , oldest population world 29 percent japanese 65 , example fact. sources"
126,1541606032769687554,2022-06-28 02:14:54+00:00,,"come home nft nyc gift ? well , poap ! caught , add dm wallet address ' send poap remember , nft conferences ' achieve herd ! wagmi !"
127,1541599141188743169,2022-06-28 01:47:31+00:00,Domicron Central ,"watched catherine bennett abc. amount backtracking , apparently cautious unknown now. really unknown cat ? happened herd ? mild deaths long numbers seem rattling minimisers. retreat !"
128,1541590897518944262,2022-06-28 01:14:45+00:00,"St Louis, MO",stay home evil anti vaxxers herd ! also vaccine love story 4 parts.
129,1541590586653802497,2022-06-28 01:13:31+00:00,"Qu√©bec, Canada","situation sweden , birthplace herd , seems catastrophic. somewhat exploded myth scandinavian model hailed pseudo left progressives types."
130,1541590299889532928,2022-06-28 01:12:23+00:00,"Melbourne, Victoria","herd theory well truly squashed now. evidence herd exists all. many people two three times past twelve months , episode worse last generally."
131,1541582448714305537,2022-06-28 00:41:11+00:00,,dangerous herd ? wrong. would gone herd route treated sick people hcq ivermectin would saved 85 people died cdc treatments dangerous deadly vaxxines. clueless dude.
132,1541565583380152321,2022-06-27 23:34:10+00:00,Concrete Jungle,maybe nft ny actually attempt herd
133,1541564990187900929,2022-06-27 23:31:49+00:00,Around the 30th.,"rips herd sweden , causing havoc people across sectors society fall ill. maybe could look repeat mistake ?"
134,1541563355911323648,2022-06-27 23:25:19+00:00,Back of the sock drawer.,"realise comes , abandoned ? none trumpeted herd . fodder fed maw eternally ravenous economy ."
135,1541558514396667907,2022-06-27 23:06:05+00:00,,"individuals communicating white house believed infected enough people would herd immunity. evidence fact , evidence contrary. read"
136,1541555657241165825,2022-06-27 22:54:44+00:00,New Zealand,"herd works diseases measles , polio. work covid. disease 19 herd , lockdowns 19"
137,1541545977601032192,2022-06-27 22:16:16+00:00,Classified,trump administration corona virus herd strategy.
138,1541544136054116353,2022-06-27 22:08:57+00:00,,"fits deniers perfectly. gov ' ts big companies want let rip . even though ' known herd ' work virus. veil getting thinner yet , covidiots ' see it. worse , actually impede others seeing well."
139,1541532050754109440,2022-06-27 21:20:55+00:00,"Washington, USA","republicans wanted everyone get herd . 19 increases risk alzheimer , parkinson stroke , study finds"
140,1541511413818167302,2022-06-27 19:58:55+00:00,,"boosters needed september cases continue rise , government vaccines expert warned. want herd immunity. herd work variants escape ! end , must reduce cases well. false dichotomy ?"
141,1541509483607769089,2022-06-27 19:51:15+00:00,"Schuylkill County, PA",click staff report text actual report.
142,1541500205488607234,2022-06-27 19:14:23+00:00,,guess ' never know natural herd outlawing shirt sales seemingly brought us tail end .
143,1541493130721107971,2022-06-27 18:46:16+00:00,"‚ÄúSouth‚ÄùNew Jersey, USA","gay brother hiv , seriously sick 7 months , hired guy drive , bible beating , magat , twice , believes everyone fine due herd cold !"
144,1541488196143529987,2022-06-27 18:26:40+00:00,Cambridge UK,"yet uk govt pushing herd cost hundreds thousands deaths millions long even publishing numbers ditched masks. want kill us , dumb us keep us line , whilst profiting us.#fascism #gtto"
145,1541473735382691840,2022-06-27 17:29:12+00:00,Silicon Valley,"one million dead , partly thanks clown. hiring wrong medical expert derailed us response ars technica"
146,1541458103287382016,2022-06-27 16:27:05+00:00,De Montfort University,"guess surge puts notion herd bed. omicron confer much omicron. heading back 3,000,000 symptomatic cases. knows peak ? nhs ready summer."
147,1541457998266175490,2022-06-27 16:26:40+00:00,,"annals incompetent leadership trump white house ' hiring scott atlas , neuroradiologist infectious disease experience ersatz guru , expected results"
148,1541440597847932931,2022-06-27 15:17:31+00:00,"Austin, Texas",gm. save money vax shot. come nft nyc get herd .
149,1541440284038397955,2022-06-27 15:16:16+00:00,Namibia,"even people never heard herd 19 , busy advocating herd within vaccinated community. apparently herd happen unvaccinated people. bottom line , 19 scam."
150,1541439133494788097,2022-06-27 15:11:42+00:00,,"herd depends hidden assumptions. 1st , resistant people stay resistant. 2nd , resistant vaccinated people cannot transmit virus. scientists learned past 2 years assumptions hold 19"
151,1541438546652893186,2022-06-27 15:09:22+00:00,"North East, England",probably delivery driving rest life one honest enough discuss union driven herd capitulation march 2020 neu mutiny led spin jan 4 2021. need lessons making sacrifices.
152,1541422930466308097,2022-06-27 14:07:19+00:00,midlands,meanwhile uk herd ! alarm beijing announcement zero policy may last five years china guardian
153,1541408072136118272,2022-06-27 13:08:17+00:00,"Manchester, England","like , current infections surpassed first omicron wave. herd supposed end , instead .."
154,1541383148092669958,2022-06-27 11:29:14+00:00,,"herd gt 2 people family 3x calendar year , ' twice ."
155,1541353484238426113,2022-06-27 09:31:22+00:00,"London, England","studies real life patients ! show organ damage , brain dysfunction chronic health issues post #covid , even healthy people children. herd looks unlikely , reinfections hospitalisations rising. mutations. plan , exactly ? #covid19 #longcovid"
156,1541343680216326144,2022-06-27 08:52:24+00:00,"New Mexico, USA","may one day die one thing damn sure. dying random , hideous side effect vaccine ! bring injected w foreign substance un take things went south ! herd ! regrets !"
157,1541322873763160064,2022-06-27 07:29:44+00:00,UK,"husband again. plague locusts herd ideologues agitated two half years let thing rip , everyone ' cost. thing. consequences long term morbidity millions ."
158,1541295628810174466,2022-06-27 05:41:28+00:00,Nairobi,"achieved herd ? 19 like moving target even one vaccinated , long lasting prof julius oyugi #yourworld"
159,1541239296119582720,2022-06-27 01:57:37+00:00,WA ,"itspeaks4itself common sense reigns god science prevails educated man ! idiots failed mankind 19 ! scientists , #fauci tx #govts #physicians herd hindered goal 2 heal"
160,1541234247876620288,2022-06-27 01:37:34+00:00,,"time federal leadership controls.there thing herd immunity.over 5o people died australia saturday covid,50 people.what happened dialogue this.most people unaware long health impacts multiple infects butler mp"
161,1541224969128099841,2022-06-27 01:00:41+00:00,UK,"sir patrick vallance , bbc radio 4 , today programme , march 13th , 2020 , ten days first uk aim try reduce peak , broaden peak , suppress completely ... build kind herd immunity. ' still sacked."
162,1541195650414821376,2022-06-26 23:04:11+00:00,"kanamaluka, plague island",#politas data offered mark veitch support claim herd ability reduce case numbers community. would like see data ?
163,1541183365935616000,2022-06-26 22:15:22+00:00,England,"simple really japan 9.23 million cases 31113 deaths suppression zero strategy uk 22.7 million cases 180,000 deaths insane herd strategy ! ! 28 day stat proud insane"
164,1541151694238765056,2022-06-26 20:09:31+00:00,Nutbush City Limits,"regarding herd way thinking , know three , unrelated people collateral damage. , valued , loved people ."
165,1541128117032468482,2022-06-26 18:35:50+00:00,NYC,' still doubt democrats read doozy start demanding actual #publictrials november. cannot let fools get away ' done us.
166,1541127630178631680,2022-06-26 18:33:54+00:00,All over the place!,"' afraid sweden denial since feb 2020. told nothing , ' flu far nothing , herd would july 2020 let spread , #gbd like. hand washing wringing 24 7. masks. ' airborne !"
167,1541124801905016832,2022-06-26 18:22:40+00:00,,' lawyer ' told charges misconduct public office could brought late response herd project ppe scandal take pick went #carehomescandal basis public support
168,1541113854444589056,2022-06-26 17:39:10+00:00,,would self spreading vaccines help us reach herd faster ? would open pandora box ? california bill allows kids jab w parent consent self spreading vaccines move forward
169,1541105762079891456,2022-06-26 17:07:00+00:00,Boise ,"kushner hired atlas adviser knew hiring would go well government ' public health experts. result , atlas told continue working remotely california hiring wrong medical expert derailed us"
170,1541090015740141568,2022-06-26 16:04:26+00:00,"Professor, Rice U., Houston",hiring wrong medical expert derailed us response
171,1541083894136524800,2022-06-26 15:40:06+00:00,"Wyoming, USA",places appears wrong gym leader acquired herd fell love malakas
172,1541061103048085505,2022-06-26 14:09:33+00:00,Sol III,hiring wrong medical expert derailed us response #smartnews atlas ' hiring white house expected controversial initially instructed hide staff id actual government public health experts.
173,1541061057678024705,2022-06-26 14:09:22+00:00,Virgo Supercluster,hiring wrong medical expert derailed us response #smartnews atlas ' hiring white house expected controversial initially instructed hide staff id actual government public health experts.
174,1541061016829759489,2022-06-26 14:09:12+00:00,Virgo Supercluster,hiring wrong medical expert derailed us response #smartnews atlas ' hiring white house expected controversial initially instructed hide staff id actual government public health experts.
175,1541060979626221568,2022-06-26 14:09:03+00:00,Virgo Supercluster. ,hiring wrong medical expert derailed us response #smartnews atlas ' hiring white house expected controversial initially instructed hide staff id actual government public health experts.
176,1541057306921938944,2022-06-26 13:54:28+00:00,Australia,"seems like problem yet ' going remove masks places like airports everywhere else apparently. ' seem like ' , ' another wave. ' almost like ' get herd fast evolving virus."
177,1541041453802983424,2022-06-26 12:51:28+00:00,United States,hiring wrong medical expert derailed us response
178,1541028077630881794,2022-06-26 11:58:19+00:00,"ZAR Zuid Afrika, South Africa",country achieved called herd ?
179,1541018206999117824,2022-06-26 11:19:05+00:00,Houston Texas,hiring wrong medical expert derailed us response
180,1541016996350988292,2022-06-26 11:14:17+00:00,Vancouver/Aguascalientes/Paris,"fact repeated reinfections , newer stronger rougher variants even triple vaccinated people experience mild symptoms seems good assurance herd strategy definitely going work ."
181,1541002731531411457,2022-06-26 10:17:36+00:00,Sussex UK,"3rd wave 2022 hospitalisation ages rising , herd myth gone awol critical issue."
182,1541002458582990848,2022-06-26 10:16:31+00:00,"Chicago, IL",.gov report !
183,1541001495029714944,2022-06-26 10:12:41+00:00,A Mafia state,"mass infection makes us immune , people omicron ba1 ba2 ' getting ill omicron ba4 ba5 , yes ? are. herd ever worked sterilising vaccines. mask up. open windows. use hepa filters business."
184,1540966737176412160,2022-06-26 07:54:34+00:00,,"screaming rooftops two years herd best. unfortunately ' late. unnecessary lockdowns experimental vaccines irreversibly damaged natural immune systems. hey , ' sure big pharma answer"
185,1540950507144957952,2022-06-26 06:50:05+00:00,,herd never happen mass vaccination program. well done sheep.
186,1540935161952493570,2022-06-26 05:49:06+00:00,New York City,"19 continue form world reaches herd immunity. , scientists say , sars cov 2 virus become endemic always present transmitted among people modest , predictable rates."
187,1540902716209111041,2022-06-26 03:40:10+00:00,"British Columbia, Canada",", , data shows massive work related disability claims starting jan 22. omicron mild ! job vacancies higher ever , w employers struggling fill positions. reinfections herd fail. watch video change course !"
188,1540880091957276673,2022-06-26 02:10:16+00:00,"Trail, BC, Canada",hiring wrong medical expert derailed us response #science #feedly
189,1540876536907038720,2022-06-26 01:56:09+00:00,Australia,"know , right. vax prevent infection transmission confer herd reinfection consequences much serious reinfection , mutations milder young people get sicker.illness badly affects economy #covid"
190,1540845798770053120,2022-06-25 23:54:00+00:00,"New York, NY",evidence emerged trump administration embraced dangerous discredited herd mass infection strategy prior availability 19 vaccines treatments. henderson1. #idtwitter #medtwitter
191,1540813345300807680,2022-06-25 21:45:03+00:00,,hiring wrong medical expert derailed us response #smartnews
192,1540811943950286850,2022-06-25 21:39:28+00:00,"Northern Ireland, UK","know 19 vaccination programme failed attain stated goal , herd ? universal deployment prophylaxis vaccines contradicts understanding epidemiology. ill advised experiment. full video"
193,1540794375642439681,2022-06-25 20:29:40+00:00,"Ottawa, ON Canada","would people even stand disabled targeted ? many ' believe helping protect us 19 herd , us financially struggle get , often expense health. would really us came ?"
194,1540793445329018880,2022-06-25 20:25:58+00:00,,"interesting see effect #glastonbury #covid. perhaps vaccines gotten us herd , perhaps"
195,1540757939262296065,2022-06-25 18:04:53+00:00,,fauci says 85 u.s. population need vaccinated 19 ' herd '
196,1540754435323723776,2022-06-25 17:50:57+00:00,United Kingdom,one people know tested positive add herd generously trying afford
197,1540716173662294016,2022-06-25 15:18:55+00:00,,"somebody loves misc liver failure unvaxxed kids whole bunch eu antivaxxers , especially danish us adherents masquerade totally rational experts pretend herd sars2 possible , . rein mds."
198,1540707176695533571,2022-06-25 14:43:10+00:00,Canada,trump ' task force leader pushed back ' herd ' approach medpage today
199,1540692178334121987,2022-06-25 13:43:34+00:00,,cdc pushed fake news child mortality tests showkids already herd covd 99 recoverable pfizer 0.8 effective j j moderna 1.2 astrazeneca 1.3 risk poisonous vax ?
200,1540676107648675847,2022-06-25 12:39:43+00:00,"St Petersburg, FL",hiring wrong medical expert derailed us response #covid
201,1540666184189747203,2022-06-25 12:00:17+00:00,,"one said needed vote harder , said us need vote every time. believe vaccination work since got vaxed end ? choose vote keeping us political herd ."
202,1540665508088774656,2022-06-25 11:57:35+00:00,,deborah birx argues scott atlas encouraged ideas defied basic principles public health trump ' task force leader pushed back ' herd ' approach
203,1540664805731831811,2022-06-25 11:54:48+00:00,,revealed extensive evidence ... efforts undermine nation ' public health response crisis attempt benefit former president politically. report shows trump administration embraced herd mass infection
204,1540651410416717830,2022-06-25 11:01:34+00:00,,"truth genetic vaccines leaky , poor durability , even every man , woman , child us vaccinated , products cannot achieve herd stop covid. completely safe , full risks remain unknown."
205,1540630100303122434,2022-06-25 09:36:54+00:00,"Middlesbrough, England","distraction policy working well , yesterday itn reported china told us rest world developed herd ! bbc reported ons data 1000 deaths day , die go hospital thats , get , media eh !"
206,1540614978130034689,2022-06-25 08:36:48+00:00,Tory Democide he/they,"aids , hyperbole. hepatitis polio tb meningococcal increased chickenpox severity monkeypox easily explained. sars conferred immunodeficiency causing older diseases become transmissible , defeating natural herd"
207,1540604758297542656,2022-06-25 07:56:12+00:00,"kanamaluka, plague island","welcome shit show please , remember important safe behaviours wash hands sanitise , cover coughs sneezes premier rockliff 9.5. 2022 , think , probably reflects modest level herd dr. veitch 6.6.2022 #politas"
208,1540599136860311553,2022-06-25 07:33:51+00:00,,"dr. naomi wolf fauci told world economic forum ' herd ' current vaccines viable long term options controlling sarscov2 says need broader sarscov2 vaccine. get ready , folks , cuz ' game plan."
209,1540586428777857024,2022-06-25 06:43:21+00:00,North Yorkshire. Plague Island,"johnson dither delay , pursuit herd , us taking chin probably cost 100,000 lives pandemic. removed office tried #democide. #johnsonout152 #torypoverty like #covid strategy political choice !"
210,1540580466780143618,2022-06-25 06:19:40+00:00,Scotland,#the rise #omicron variant shattered remaining illusions #herd immunity. brink #third omicron wave barely six months.
211,1540576993313685504,2022-06-25 06:05:52+00:00,"Rosedale, North York Moors","covid. harmless virus , one 60 70 people never symptoms. herd rocks !"
212,1540575271262224384,2022-06-25 05:59:01+00:00,USA üá∫üá∏ Texas variant üåä ,". new select subcommittee report reveals full scope trump administration embrace dangerous discredited herd mass infection strategy jun 21 , 2022"
213,1540564503775088642,2022-06-25 05:16:14+00:00,USA,"deborah birx , coordinated response trump administration , said former president donald trump swayed dangerous ideas , including unfounded claims herd unproven treatments."
214,1540555679106158593,2022-06-25 04:41:10+00:00,"Las Vegas, NV, USA",utterly monstrous. seek worst guy offering worst advice. hiring wrong medical expert derailed us response
215,1540544310877102081,2022-06-25 03:56:00+00:00,Shanghai,"#shanghai begun offering #covid 19 #boostershots different #vaccines enhance herd fast mutating #coronavirus. subdistricts towns pudong new area initiated vaccination method , known sequential immunization."
216,1540540885615747072,2022-06-25 03:42:23+00:00,USA,"graph low vaccinated urk ' levels sewage closely resembles graph low vaccinated bulgaria ' cases. see herd urk , bulgaria vs herd mentality portugal , rest netherlands etc . discussed"
217,1540530285837697030,2022-06-25 03:00:16+00:00,,"herd immunity. two new variants coming tested again. holds , bullish. watchful waiting hopeful turn critical economic insults horizon ."
218,1540528772474175488,2022-06-25 02:54:15+00:00,,"deborah birx , coordinated response trump administration , said former president donald trump swayed dangerous ideas , including unfounded claims herd unproven treatments ."
219,1540527499557232640,2022-06-25 02:49:12+00:00,,"humble opinion 19 started raise ugly head. good mask essential though vaccinated boosted. severity may life threatening past due herd loss virulence. however , people co comorbidities must cautious ."
220,1540458398164074498,2022-06-24 22:14:37+00:00,"washington, dc",still care surrender herd
221,1540456007834316801,2022-06-24 22:05:07+00:00,"Earth, PNW",point. hiring wrong medical expert derailed us response ars technica
222,1540445969967452160,2022-06-24 21:25:13+00:00,Estonia,anybody remembers idea herd overcome ongoing ? ars technica great piece idea coming
223,1540425863627431936,2022-06-24 20:05:20+00:00,Toronto,"hiring wrong medical expert derailed us response makes much sense. damage already done. thanks , trumps , yet ... anything family touched ' ended fucked beyond reason ?"
224,1540424904666931202,2022-06-24 20:01:31+00:00,"metro Detroit, Michigan","missed news earlier week select subcommittee report. dr. atlas incorrectly estimated ' would cause 10,000 deaths ' wrote comparable toll normal flu season ' would unnoticed ' ..."
225,1540419698495328256,2022-06-24 19:40:50+00:00,random,hiring wrong medical expert derailed us response
226,1540416982213967872,2022-06-24 19:30:02+00:00,,hope herd dwindles alongside federal 19 budget supplies adtx aditxtscore tm could create map 19 immune responses
227,1540415723650039808,2022-06-24 19:25:02+00:00,"Los Angeles, CA",hope herd dwindles alongside federal 19 budget supplies adtx aditxtscore tm could create map 19 immune responses
228,1540415026074353664,2022-06-24 19:22:16+00:00,,"like great barrington declaration herd ? washington post trump swayed ' dangerous ideas ' , birx tells house panel."
229,1540409439773147142,2022-06-24 19:00:04+00:00,"San Francisco, California",hope herd dwindles alongside federal 19 budget supplies adtx aditxtscore tm could create map 19 immune responses
230,1540400142418862080,2022-06-24 18:23:07+00:00,"Guelph, Ontario",hiring wrong medical expert derailed us response
231,1540399275804442624,2022-06-24 18:19:41+00:00,Suburban Chicago,hiring wrong medical expert derailed us response
232,1540395500612030464,2022-06-24 18:04:41+00:00,"New York, NY",hiring wrong medical expert derailed us response
233,1540392218178949120,2022-06-24 17:51:38+00:00,"Los Angeles, California",' surprised trump administration callous directed wanted believe rather reality point welcomed unqualified harbinger death lead policy
234,1540389417998700544,2022-06-24 17:40:30+00:00,"West Coast, World Citizen ","wake , ' know ever reached herd , ' definitely reached herd stupidity ."
235,1540383716408688649,2022-06-24 17:17:51+00:00,Everywhere,"gop across country , including trump ' appointment scott atlas , advocated policies expose everyone , killing sick old order provoke herd prolife ......."
236,1540377285156515842,2022-06-24 16:52:18+00:00,"Winnipeg, Manitoba",adtx hope herd dwindles alongside federal 19 budget supplies aditxt inc. nasdaq adtx aditxtscore tm could create map 19 immune responses
237,1540373089262993408,2022-06-24 16:35:37+00:00,Somewhere near the Cotswolds,"problem trying herd end virus evolving better better variants , better means ' evolutionary advantage ' us."
238,1540369061913280513,2022-06-24 16:19:37+00:00,"Parish, NY","thinning herd trump hiring wrong medical expert derailed us response advocate herd inside white house pushed increase infections. john timmer 6 23 2022 , 1 49 pm"
239,1540337233143775234,2022-06-24 14:13:09+00:00,"Detroit, Michigan",hiring wrong medical expert derailed us response
240,1540334935541694468,2022-06-24 14:04:01+00:00,"Tampa, FL",hiring wrong medical expert derailed us response ars technica
241,1540334173378019330,2022-06-24 14:00:59+00:00,,"anti science legislators , way level potus , endanger lives ... us ' response went wrong country ended million deaths one worst per capita death rates world."
242,1540322613494714369,2022-06-24 13:15:03+00:00,Shanghai,#shanghai begun offering #covid19 #boostershots different vaccines enhance herd fast mutating coronavirus.
243,1540310299760365568,2022-06-24 12:26:07+00:00,"Toronto, ON, CDA","ajsd imo , scott atlas heard enthusiast hiring wrong medical expert derailed us response advocate herd inside white house pushed increase infections."
244,1540309419363368961,2022-06-24 12:22:37+00:00,,nobody cares ! herd way
245,1540300550704619522,2022-06-24 11:47:23+00:00,,hiring wrong medical expert derailed us response #smartnews
246,1540299959853109250,2022-06-24 11:45:02+00:00,"Washington, DC",putting ideology science made 19 us much worse
247,1540298158588174339,2022-06-24 11:37:53+00:00,RI,hiring wrong medical expert derailed us response #smartnews
248,1540292125308354562,2022-06-24 11:13:54+00:00,Canada üá®üá¶,mystery #covid19 proponents herd advocate deliberate mass infection young. keeping schools open central forcing parents unsafe workplaces preventing disruption profits cc
249,1540284805396545538,2022-06-24 10:44:49+00:00,I live in Ohio ,"natural offers greater protection vaccines , study finds. path toward herd"
250,1540281881241042950,2022-06-24 10:33:12+00:00,,"dr. geert vanden bossche infection , disease aggravate vaccinated mass vaccination leaky vaccines could lead herd immunity."
251,1540276072054259714,2022-06-24 10:10:07+00:00,"Wyoming, USA",lifer glowing red eyes acquired herd
252,1540273370041749504,2022-06-24 09:59:22+00:00,NC,must read report j. kushner hired quack dr. scott atlas push herd strategy trump wh undermine cdc measures rather promote preventative measures vaccines readily available
253,1540264612486168576,2022-06-24 09:24:35+00:00,,"course still talk getting big calls right , despite absence #covid cobrameetings , running ppe , herd , underfunding #nhs , scale contract corruption , lawbreaking , attempt suppress parliament , undermining good friday agreement"
254,1540259593883901953,2022-06-24 09:04:38+00:00,Norway,hiring wrong medical expert derailed us response
255,1540259289759068160,2022-06-24 09:03:25+00:00,"Suginami-ku, Tokyo-to, Japan","' never understood idea herd day 1 , understanding common cold also type coronavirus. anybody herd common cold ?"
256,1540254454410366976,2022-06-24 08:44:13+00:00,"North East, England",people said tories ' lose voters ' like wokeness disabused. coup almost complete. well done cupboard jumping sceptics put egos ahead britain ' future refused talk herd capitulation .
257,1540253242663309312,2022-06-24 08:39:24+00:00,"Louisiana, USA",proving herd exist.
258,1540249686207918080,2022-06-24 08:25:16+00:00,Thinkstan,hiring wrong medical expert derailed us response
259,1540245210000633856,2022-06-24 08:07:29+00:00,SoCal,hiring wrong medical expert derailed us response #smartnews
260,1540245066664382464,2022-06-24 08:06:54+00:00,University North Texas,anyway find experts talked herd ? #covid19 #covidau living #covid working ? let start creighton others ?
261,1540244224024903680,2022-06-24 08:03:34+00:00,University North Texas,19 reinfections expected rise. experts claimed term herd ?
262,1540238968817876992,2022-06-24 07:42:41+00:00,Melbourne,"geez , really looking like media libs completely wrong teals , alp greens working together. wrong prguy. wrong herd immunity. wrong libs ability government opposition. consistently wrong everything basically. #auspol"
263,1540230888734302208,2022-06-24 07:10:34+00:00,,injecting small children vaccine designed alpha strain going change course called pandemic. problems virus 2yrs perhaps last chance herd immunity. makes perfect sense '
264,1540229948249673728,2022-06-24 07:06:50+00:00,,new hiring wrong medical expert derailed us response
265,1540229525006684160,2022-06-24 07:05:09+00:00,Forest of Dean,wow ! lot big decisions right got many decisions wrong u turn ! herd ? ppe ? care homes ? eat help ? partygate ? #outoftouch
266,1540219209858301953,2022-06-24 06:24:10+00:00,,"people say herd context , means. great barrington declaration made little experiment eugenics official policy."
267,1540213246644420614,2022-06-24 06:00:28+00:00,"Burlington, VT",hiring wrong medical expert derailed us response
268,1540212603712319488,2022-06-24 05:57:55+00:00,"Oami, Chiba, Japan",new report scott atlas made herd unofficial us policy hiring wrong medical expert derailed us response advocate herd inside white house pushed increase infections.
269,1540208496272199682,2022-06-24 05:41:35+00:00,,hiring wrong medical expert derailed us response #science
270,1540206184220676097,2022-06-24 05:32:24+00:00,Australia,"seems like gerrard ' necessary qlders catch achieve herd work , huh ? abandoning public health measures foisting burden onto gps eds. absolute dereliction duty sacked. 1 job public health !"
271,1540204053682077696,2022-06-24 05:23:56+00:00,"London, England",impt new #covid19 info reinfection .. read entire thread.herd study signals reinfection common already gt 12 likely carry significant risk get reinfected likely substantial additional burden health systems society
272,1540197143541055488,2022-06-24 04:56:29+00:00,Danmark,"german health minister lauterbach capability read analyse valid scientifically documented data. unlike denies threath population. continues herd strategy , although continuously mutate"
273,1540193260236197891,2022-06-24 04:41:03+00:00,"Long Island, NY",hiring wrong medical expert derailed us response
274,1540177210694602752,2022-06-24 03:37:16+00:00,,"welp , could ' seen coming ? risk death , hospitalisation post illnesses organ systems increases reinfection. herd joke , funny one , dangerous one. government fails us again."
275,1540160082440241152,2022-06-24 02:29:13+00:00,"New York, USA","johnson government used implement massive transfer social wealth major corporations , imposing herd policy killed 200,000 people left millions long term illness."
276,1540143064475639808,2022-06-24 01:21:35+00:00,"California, USA",hiring wrong medical expert derailed us response
277,1540139913567301633,2022-06-24 01:09:04+00:00,"Portland, OR",hiring wrong medical expert derailed us response
278,1540138957220073473,2022-06-24 01:05:16+00:00,"St Petersburg, FL",trump ' task force leader pushed back ' herd ' approach medpage today
279,1540138337050062848,2022-06-24 01:02:48+00:00,"Seattle, WA, USA (mostly)","hiring wrong medical expert derailed us response scott atlas , white house adviser , used position advocate allowing sars cov 2 virus spread tried block testing , would goal."
